record_id,sector,status,authentic,priority,units,multiplier,bias_key
R0001,power,ACTIVE,1,4,220,1,5579
R0002,power,ACTIVE,1,7,220,1,5579
R0003,waste,ACTIVE,1,7,220,1,5579
R0004,power,ACTIVE,1,7,220,1,5579
R0005,waste,ACTIVE,1,6,220,1,5579
R0006,power,ACTIVE,1,6,220,1,5579
R0007,waste,ACTIVE,1,4,220,1,5579
R0008,power,ACTIVE,1,6,220,1,5579
R0009,emergency,ACTIVE,1,6,220,1,5579
R0010,waste,ACTIVE,1,7,220,1,5579
R0011,communications,ACTIVE,1,7,220,1,5579
R0012,water,ACTIVE,1,6,220,1,5579
R0013,waste,ACTIVE,1,6,220,1,5579
R0014,water,ACTIVE,1,4,220,1,5579
R0015,waste,ACTIVE,1,4,220,1,5579
R0016,emergency,ACTIVE,1,7,220,1,5579
R0017,communications,ACTIVE,1,6,220,1,5579
R0018,communications,ACTIVE,1,6,220,1,5579
R0019,communications,ACTIVE,1,4,220,1,5579
R0020,transit,ACTIVE,1,5,220,1,5579
R0021,emergency,ACTIVE,1,5,220,1,5579
R0022,traffic,ACTIVE,1,4,220,1,5579
R0023,transit,ACTIVE,1,4,220,1,5579
R0024,traffic,ACTIVE,1,5,220,1,5579
R0025,transit,ACTIVE,1,4,220,1,5579
R0026,traffic,ACTIVE,1,4,220,1,5579
R0027,water,ACTIVE,1,7,220,1,5579
R0028,transit,ACTIVE,1,4,220,1,5579
R0029,waste,ACTIVE,1,4,220,1,5579
R0030,power,ACTIVE,1,5,220,1,5579
R0031,power,ACTIVE,1,4,220,1,5579
R0032,water,ACTIVE,1,4,220,1,5579
R0033,waste,ACTIVE,1,5,220,1,5579
R0034,power,ACTIVE,1,6,220,1,5579
R0035,water,ACTIVE,1,5,220,1,5579
R0036,water,ACTIVE,1,7,220,1,5579
R0037,power,ACTIVE,1,4,220,1,5579
R0038,transit,QUEUED,0,1,168,104,5579
R0039,traffic,ACTIVE,1,4,220,1,5579
R0040,traffic,ACTIVE,1,5,220,1,5579
R0041,waste,ACTIVE,1,7,220,1,5579
R0042,waste,ACTIVE,1,6,220,1,5579
R0043,communications,ACTIVE,1,5,220,1,5579
R0044,water,ACTIVE,1,6,220,1,5579
R0045,emergency,ACTIVE,1,6,220,1,5579
R0046,water,ACTIVE,1,4,220,1,5579
R0047,emergency,ACTIVE,1,7,220,1,5579
R0048,transit,INACTIVE,1,6,104,20,5579
R0049,emergency,ACTIVE,1,6,220,1,5579
R0050,traffic,ACTIVE,1,5,220,1,5579
R0051,communications,ACTIVE,1,5,220,1,5579
R0052,traffic,ACTIVE,1,7,220,1,5579
R0053,communications,ACTIVE,1,5,220,1,5579
R0054,traffic,ACTIVE,1,4,220,1,5579
R0055,waste,ACTIVE,1,6,220,1,5579
R0056,power,ACTIVE,1,4,220,1,5579
R0057,waste,ACTIVE,1,4,119,38,5579
R0058,waste,ACTIVE,1,5,220,1,5579
R0059,traffic,ACTIVE,1,4,220,1,5579
R0060,transit,ACTIVE,1,5,220,1,5579
R0061,power,ACTIVE,1,5,220,1,5579
R0062,waste,ACTIVE,1,7,220,1,5579
R0063,water,ACTIVE,1,6,220,1,5579
R0064,transit,ACTIVE,1,7,220,1,5579
R0065,power,ACTIVE,1,6,220,1,5579
R0066,communications,ACTIVE,1,4,220,1,5579
R0067,transit,ACTIVE,1,6,220,1,5579
R0068,water,ACTIVE,1,5,220,1,5579
R0069,transit,ACTIVE,1,4,220,1,5579
R0070,communications,ACTIVE,1,4,220,1,5579
R0071,emergency,ACTIVE,1,5,220,1,5579
R0072,water,ACTIVE,1,4,220,1,5579
R0073,waste,ACTIVE,1,7,220,1,5579
R0074,water,ACTIVE,1,7,220,1,5579
R0075,communications,ACTIVE,1,5,220,1,5579
R0076,transit,ACTIVE,1,1,175,25,5579
R0077,emergency,ACTIVE,1,7,220,1,5579
R0078,power,ACTIVE,1,5,220,1,5579
R0079,water,ACTIVE,1,7,220,1,5579
R0080,transit,ACTIVE,1,4,220,1,5579
R0081,water,ACTIVE,1,4,220,1,5579
R0082,water,ACTIVE,1,7,220,1,5579
R0083,communications,ACTIVE,1,6,220,1,5579
R0084,communications,ACTIVE,1,2,162,76,5579
R0085,water,ACTIVE,1,4,220,1,5579
R0086,communications,ACTIVE,1,7,220,1,5579
R0087,emergency,ACTIVE,1,6,220,1,5579
R0088,communications,ACTIVE,1,6,220,1,5579
R0089,transit,ACTIVE,1,6,220,1,5579
R0090,waste,ACTIVE,1,5,220,1,5579
R0091,communications,ACTIVE,1,5,220,1,5579
R0092,transit,ACTIVE,1,7,220,1,5579
R0093,waste,ACTIVE,1,6,220,1,5579
R0094,water,ACTIVE,1,7,220,1,5579
R0095,power,ACTIVE,1,5,220,1,5579
R0096,power,ACTIVE,1,4,220,1,5579
R0097,power,ACTIVE,1,4,220,1,5579
R0098,power,ACTIVE,1,6,220,1,5579
R0099,power,ACTIVE,1,5,220,1,5579
R0100,water,ACTIVE,1,7,220,1,5579
R0101,power,INACTIVE,1,6,84,64,5579
R0102,power,ACTIVE,1,6,220,1,5579
R0103,waste,QUEUED,1,2,34,13,5579
R0104,waste,ACTIVE,1,5,220,1,5579
R0105,transit,ACTIVE,1,6,220,1,5579
R0106,waste,ACTIVE,1,6,220,1,5579
R0107,communications,ACTIVE,1,4,220,1,5579
R0108,water,ACTIVE,1,4,220,1,5579
R0109,emergency,ACTIVE,1,5,220,1,5579
R0110,water,ACTIVE,1,6,220,1,5579
R0111,communications,ACTIVE,1,7,220,1,5579
R0112,water,ACTIVE,1,4,220,1,5579
R0113,water,ACTIVE,1,4,220,1,5579
R0114,water,ACTIVE,1,6,220,1,5579
R0115,emergency,ACTIVE,1,6,220,1,5579
R0116,communications,ACTIVE,1,7,220,1,5579
R0117,power,ACTIVE,1,5,220,1,5579
R0118,traffic,ACTIVE,1,5,220,1,5579
R0119,waste,ACTIVE,1,5,220,1,5579
R0120,water,ACTIVE,1,5,220,1,5579
R0121,emergency,ACTIVE,1,4,220,1,5579
R0122,traffic,ACTIVE,1,5,220,1,5579
R0123,transit,ACTIVE,1,7,220,1,5579
R0124,water,ACTIVE,1,7,220,1,5579
R0125,water,ACTIVE,1,4,220,1,5579
R0126,water,ACTIVE,1,4,220,1,5579
R0127,traffic,ACTIVE,1,6,220,1,5579
R0128,waste,ACTIVE,1,4,220,1,5579
R0129,water,ACTIVE,1,6,220,1,5579
R0130,water,ACTIVE,1,7,220,1,5579
R0131,water,ACTIVE,1,6,220,1,5579
R0132,waste,ACTIVE,1,4,220,1,5579
R0133,power,ACTIVE,1,6,220,1,5579
R0134,emergency,ACTIVE,1,6,220,1,5579
R0135,emergency,ACTIVE,1,6,220,1,5579
R0136,power,ACTIVE,1,7,220,1,5579
R0137,power,ACTIVE,1,5,220,1,5579
R0138,communications,ACTIVE,1,4,220,1,5579
R0139,emergency,ACTIVE,1,6,220,1,5579
R0140,traffic,ACTIVE,1,4,220,1,5579
R0141,emergency,ACTIVE,1,5,220,1,5579
R0142,traffic,ACTIVE,1,4,220,1,5579
R0143,traffic,ACTIVE,1,6,220,1,5579
R0144,water,ACTIVE,1,5,220,1,5579
R0145,traffic,ACTIVE,1,6,220,1,5579
R0146,communications,ACTIVE,1,6,220,1,5579
R0147,waste,ACTIVE,1,5,220,1,5579
R0148,water,ACTIVE,1,6,220,1,5579
R0149,water,ACTIVE,1,7,220,1,5579
R0150,communications,ACTIVE,1,5,220,1,5579
R0151,emergency,ACTIVE,1,6,220,1,5579
R0152,power,ACTIVE,1,7,220,1,5579
R0153,transit,ACTIVE,1,5,220,1,5579
R0154,power,ACTIVE,1,7,220,1,5579
R0155,communications,ACTIVE,1,7,220,1,5579
R0156,transit,ACTIVE,1,5,220,1,5579
R0157,communications,ACTIVE,1,6,220,1,5579
R0158,waste,ACTIVE,1,4,220,1,5579
R0159,power,ACTIVE,1,6,220,1,5579
R0160,water,ACTIVE,1,4,220,1,5579
R0161,traffic,ACTIVE,1,4,220,1,5579
R0162,power,ACTIVE,1,6,220,1,5579
R0163,traffic,ACTIVE,1,5,220,1,5579
R0164,power,ACTIVE,1,5,220,1,5579
R0165,water,ACTIVE,1,4,220,1,5579
R0166,water,ACTIVE,1,7,220,1,5579
R0167,communications,ACTIVE,1,4,220,1,5579
R0168,power,ACTIVE,1,5,220,1,5579
R0169,water,ACTIVE,1,5,220,1,5579
R0170,traffic,ACTIVE,1,5,220,1,5579
R0171,transit,ACTIVE,1,5,220,1,5579
R0172,traffic,ACTIVE,1,7,220,1,5579
R0173,traffic,ACTIVE,1,7,220,1,5579
R0174,water,ACTIVE,1,7,220,1,5579
R0175,communications,ACTIVE,1,7,220,1,5579
R0176,emergency,ACTIVE,1,6,220,1,5579
R0177,power,ACTIVE,1,7,220,1,5579
R0178,emergency,ACTIVE,1,6,220,1,5579
R0179,water,ACTIVE,1,5,220,1,5579
R0180,transit,ACTIVE,0,7,135,48,5579
R0181,power,ACTIVE,1,5,220,1,5579
R0182,transit,ACTIVE,1,4,220,1,5579
R0183,traffic,ACTIVE,1,7,220,1,5579
R0184,emergency,ACTIVE,1,7,220,1,5579
R0185,water,ACTIVE,1,6,220,1,5579
R0186,power,ACTIVE,1,7,220,1,5579
R0187,water,ACTIVE,1,5,220,1,5579
R0188,waste,ACTIVE,1,5,220,1,5579
R0189,transit,ACTIVE,1,6,220,1,5579
R0190,waste,ACTIVE,1,6,220,1,5579
R0191,emergency,ACTIVE,1,4,220,1,5579
R0192,power,ACTIVE,1,4,220,1,5579
R0193,power,ACTIVE,1,7,220,1,5579
R0194,water,ACTIVE,1,4,220,1,5579
R0195,traffic,ACTIVE,1,7,220,1,5579
R0196,transit,ACTIVE,1,6,220,1,5579
R0197,waste,ACTIVE,1,4,220,1,5579
R0198,power,ACTIVE,1,6,220,1,5579
R0199,communications,ACTIVE,1,7,220,1,5579
R0200,power,ACTIVE,1,5,220,1,5579
R0201,water,ACTIVE,1,5,220,1,5579
R0202,traffic,ACTIVE,1,7,220,1,5579
R0203,communications,ACTIVE,1,6,220,1,5579
R0204,emergency,ACTIVE,1,5,220,1,5579
R0205,communications,ACTIVE,1,5,220,1,5579
R0206,power,ACTIVE,1,4,220,1,5579
R0207,waste,ACTIVE,1,7,220,1,5579
R0208,waste,ACTIVE,1,4,220,1,5579
R0209,power,ACTIVE,1,4,220,1,5579
R0210,emergency,ACTIVE,1,7,220,1,5579
R0211,water,ACTIVE,1,6,220,1,5579
R0212,communications,ACTIVE,1,6,220,1,5579
R0213,communications,ACTIVE,1,5,220,1,5579
R0214,transit,ACTIVE,1,7,220,1,5579
R0215,power,ACTIVE,1,6,220,1,5579
R0216,communications,ACTIVE,1,7,220,1,5579
R0217,power,ACTIVE,1,6,220,1,5579
R0218,water,ACTIVE,1,4,220,1,5579
R0219,power,ACTIVE,1,5,220,1,5579
R0220,water,ACTIVE,1,7,220,1,5579
R0221,traffic,ACTIVE,1,7,220,1,5579
R0222,water,ACTIVE,1,6,220,1,5579
R0223,water,ACTIVE,1,6,220,1,5579
R0224,traffic,ACTIVE,1,7,220,1,5579
R0225,power,ACTIVE,1,7,220,1,5579
R0226,water,ACTIVE,1,6,220,1,5579
R0227,water,ACTIVE,1,7,220,1,5579
R0228,water,ACTIVE,1,6,220,1,5579
R0229,emergency,ACTIVE,1,3,55,26,5579
R0230,water,ACTIVE,1,5,220,1,5579
R0231,water,COMPLETE,1,4,139,64,5579
R0232,communications,ACTIVE,1,6,220,1,5579
R0233,emergency,ACTIVE,1,6,220,1,5579
R0234,communications,ACTIVE,1,5,220,1,5579
R0235,traffic,ACTIVE,1,4,220,1,5579
R0236,power,ACTIVE,1,6,220,1,5579
R0237,emergency,ACTIVE,1,4,220,1,5579
R0238,emergency,ACTIVE,1,7,220,1,5579
R0239,communications,ACTIVE,1,6,220,1,5579
R0240,emergency,ACTIVE,1,5,220,1,5579
R0241,water,ACTIVE,1,7,220,1,5579
R0242,traffic,ACTIVE,1,5,220,1,5579
R0243,traffic,ACTIVE,1,7,220,1,5579
R0244,water,ACTIVE,1,5,220,1,5579
R0245,transit,ACTIVE,1,4,220,1,5579
R0246,power,ACTIVE,1,7,220,1,5579
R0247,waste,ACTIVE,1,5,220,1,5579
R0248,power,ACTIVE,1,4,220,1,5579
R0249,water,ACTIVE,1,6,220,1,5579
R0250,transit,ACTIVE,1,4,220,1,5579
R0251,communications,ACTIVE,1,6,220,1,5579
R0252,emergency,ACTIVE,1,5,220,1,5579
R0253,emergency,ACTIVE,1,5,220,1,5579
R0254,water,ACTIVE,1,4,220,1,5579
R0255,emergency,ACTIVE,1,5,220,1,5579
R0256,traffic,ACTIVE,1,7,220,1,5579
R0257,power,ACTIVE,1,4,220,1,5579
R0258,communications,ACTIVE,1,5,220,1,5579
R0259,water,ACTIVE,1,7,220,1,5579
R0260,transit,ACTIVE,1,7,220,1,5579
R0261,traffic,ACTIVE,1,7,220,1,5579
R0262,communications,ACTIVE,1,7,220,1,5579
R0263,water,ACTIVE,1,7,220,1,5579
R0264,power,ACTIVE,1,6,220,1,5579
R0265,waste,ACTIVE,1,4,220,1,5579
R0266,power,ACTIVE,1,5,220,1,5579
R0267,communications,ACTIVE,1,7,220,1,5579
R0268,traffic,ACTIVE,1,5,220,1,5579
R0269,transit,ACTIVE,1,6,220,1,5579
R0270,communications,ACTIVE,1,5,220,1,5579
R0271,water,ACTIVE,1,6,220,1,5579
R0272,water,ACTIVE,1,4,220,1,5579
R0273,water,ACTIVE,1,7,220,1,5579
R0274,water,ACTIVE,1,7,220,1,5579
R0275,communications,ACTIVE,1,5,220,1,5579
R0276,emergency,ACTIVE,1,4,220,1,5579
R0277,water,ACTIVE,1,5,220,1,5579
R0278,power,ACTIVE,1,4,220,1,5579
R0279,waste,ACTIVE,1,4,220,1,5579
R0280,water,ACTIVE,1,4,220,1,5579
R0281,power,QUEUED,1,6,146,115,5579
R0282,communications,ACTIVE,1,5,220,1,5579
R0283,emergency,ACTIVE,1,6,220,1,5579
R0284,water,ACTIVE,1,7,220,1,5579
R0285,water,ACTIVE,1,7,220,1,5579
R0286,transit,ACTIVE,1,4,220,1,5579
R0287,power,ACTIVE,1,5,220,1,5579
R0288,communications,ACTIVE,1,2,71,84,5579
R0289,waste,ACTIVE,1,4,220,1,5579
R0290,communications,ACTIVE,1,7,220,1,5579
R0291,emergency,ACTIVE,1,6,220,1,5579
R0292,traffic,ACTIVE,1,4,220,1,5579
R0293,emergency,ACTIVE,1,4,220,1,5579
R0294,emergency,ACTIVE,1,6,220,1,5579
R0295,waste,ACTIVE,1,5,220,1,5579
R0296,communications,ACTIVE,1,6,220,1,5579
R0297,communications,ACTIVE,1,6,220,1,5579
R0298,waste,ACTIVE,1,7,220,1,5579
R0299,transit,ACTIVE,1,6,220,1,5579
R0300,traffic,ACTIVE,1,5,220,1,5579
R0301,power,ACTIVE,1,4,220,1,5579
R0302,water,ACTIVE,1,6,220,1,5579
R0303,waste,ACTIVE,1,7,220,1,5579
R0304,transit,ACTIVE,1,4,220,1,5579
R0305,power,ACTIVE,1,5,220,1,5579
R0306,communications,ACTIVE,1,4,220,1,5579
R0307,traffic,ACTIVE,1,4,220,1,5579
R0308,traffic,ACTIVE,1,4,220,1,5579
R0309,traffic,ACTIVE,1,6,220,1,5579
R0310,water,ACTIVE,1,6,220,1,5579
R0311,transit,ACTIVE,1,4,220,1,5579
R0312,water,ACTIVE,1,4,220,1,5579
R0313,emergency,ACTIVE,1,7,220,1,5579
R0314,water,ACTIVE,1,5,220,1,5579
R0315,power,ACTIVE,1,4,220,1,5579
R0316,communications,ACTIVE,1,4,220,1,5579
R0317,emergency,ACTIVE,1,6,220,1,5579
R0318,traffic,ACTIVE,1,5,220,1,5579
R0319,water,ACTIVE,1,6,220,1,5579
R0320,emergency,ACTIVE,1,5,220,1,5579
R0321,emergency,ACTIVE,1,5,220,1,5579
R0322,water,ACTIVE,1,7,220,1,5579
R0323,transit,ACTIVE,1,6,220,1,5579
R0324,communications,ACTIVE,1,7,220,1,5579
R0325,traffic,ACTIVE,1,6,220,1,5579
R0326,transit,ACTIVE,1,6,220,1,5579
R0327,traffic,ACTIVE,1,7,220,1,5579
R0328,waste,ACTIVE,1,5,220,1,5579
R0329,transit,ACTIVE,1,6,220,1,5579
R0330,water,ACTIVE,1,6,220,1,5579
R0331,traffic,ACTIVE,1,4,90,16,5579
R0332,transit,ACTIVE,1,4,220,1,5579
R0333,emergency,ACTIVE,1,5,220,1,5579
R0334,transit,ACTIVE,1,4,220,1,5579
R0335,traffic,ACTIVE,1,4,220,1,5579
R0336,emergency,ACTIVE,1,5,220,1,5579
R0337,communications,ACTIVE,1,4,220,1,5579
R0338,communications,ACTIVE,1,4,220,1,5579
R0339,waste,ACTIVE,1,7,220,1,5579
R0340,communications,ACTIVE,1,6,220,1,5579
R0341,water,ACTIVE,1,7,220,1,5579
R0342,traffic,ACTIVE,1,6,220,1,5579
R0343,traffic,ACTIVE,1,7,220,1,5579
R0344,power,ACTIVE,1,5,220,1,5579
R0345,power,ACTIVE,1,6,220,1,5579
R0346,power,ACTIVE,1,4,220,1,5579
R0347,emergency,ACTIVE,1,6,220,1,5579
R0348,water,ACTIVE,1,6,220,1,5579
R0349,communications,ACTIVE,1,7,220,1,5579
R0350,communications,ACTIVE,1,4,220,1,5579
R0351,water,ACTIVE,1,7,220,1,5579
R0352,waste,ACTIVE,1,6,220,1,5579
R0353,emergency,ACTIVE,1,4,220,1,5579
R0354,water,ACTIVE,1,4,220,1,5579
R0355,power,ACTIVE,1,7,220,1,5579
R0356,emergency,ACTIVE,1,5,220,1,5579
R0357,transit,ACTIVE,1,4,220,1,5579
R0358,communications,ACTIVE,1,4,220,1,5579
R0359,communications,QUEUED,1,7,116,71,5579
R0360,waste,ACTIVE,1,7,220,1,5579
R0361,waste,ACTIVE,1,6,220,1,5579
R0362,power,ACTIVE,1,6,220,1,5579
R0363,power,ACTIVE,1,5,220,1,5579
R0364,traffic,ACTIVE,1,6,220,1,5579
R0365,transit,ACTIVE,1,6,220,1,5579
R0366,waste,ACTIVE,1,6,220,1,5579
R0367,traffic,ACTIVE,1,4,220,1,5579
R0368,communications,ACTIVE,0,4,44,112,5579
R0369,waste,ACTIVE,1,6,220,1,5579
R0370,communications,ACTIVE,1,4,220,1,5579
R0371,power,ACTIVE,1,7,220,1,5579
R0372,communications,ACTIVE,1,5,220,1,5579
R0373,power,ACTIVE,0,5,131,63,5579
R0374,emergency,ACTIVE,1,4,34,133,5579
R0375,waste,ACTIVE,1,7,220,1,5579
R0376,power,ACTIVE,1,5,220,1,5579
R0377,traffic,ACTIVE,1,4,220,1,5579
R0378,traffic,ACTIVE,1,5,220,1,5579
R0379,power,ACTIVE,1,5,119,110,5579
R0380,power,ACTIVE,1,4,220,1,5579
R0381,power,ACTIVE,1,7,220,1,5579
R0382,transit,ACTIVE,1,5,220,1,5579
R0383,communications,ACTIVE,1,7,220,1,5579
R0384,waste,ACTIVE,1,4,220,1,5579
R0385,water,ACTIVE,1,4,220,1,5579
R0386,communications,ACTIVE,1,7,220,1,5579
R0387,transit,ACTIVE,1,6,220,1,5579
R0388,emergency,ACTIVE,1,4,220,1,5579
R0389,transit,ACTIVE,1,6,220,1,5579
R0390,power,ACTIVE,1,7,70,12,5579
R0391,transit,ACTIVE,1,6,220,1,5579
R0392,transit,ACTIVE,1,7,220,1,5579
R0393,emergency,ACTIVE,1,7,220,1,5579
R0394,transit,ACTIVE,1,5,220,1,5579
R0395,water,ACTIVE,1,4,220,1,5579
R0396,transit,ACTIVE,1,6,220,1,5579
R0397,power,ACTIVE,1,5,220,1,5579
R0398,traffic,ACTIVE,1,5,220,1,5579
R0399,water,ACTIVE,1,7,220,1,5579
R0400,emergency,ACTIVE,1,5,220,1,5579
R0401,traffic,ACTIVE,1,5,220,1,5579
R0402,transit,ACTIVE,1,4,220,1,5579
R0403,water,ACTIVE,1,4,220,1,5579
R0404,traffic,ACTIVE,1,7,220,1,5579
R0405,waste,ACTIVE,1,4,220,1,5579
R0406,emergency,ACTIVE,1,7,220,1,5579
R0407,emergency,ACTIVE,1,7,220,1,5579
R0408,power,ACTIVE,1,7,220,1,5579
R0409,power,ACTIVE,1,4,220,1,5579
R0410,waste,ACTIVE,1,5,220,1,5579
R0411,water,ACTIVE,1,4,220,1,5579
R0412,emergency,ACTIVE,1,7,220,1,5579
R0413,emergency,ACTIVE,1,7,220,1,5579
R0414,communications,ACTIVE,1,4,220,1,5579
R0415,communications,ACTIVE,1,4,220,1,5579
R0416,communications,ACTIVE,1,5,220,1,5579
R0417,emergency,ACTIVE,1,7,220,1,5579
R0418,traffic,ACTIVE,1,5,220,1,5579
R0419,water,ACTIVE,1,5,220,1,5579
R0420,power,ACTIVE,1,4,220,1,5579
R0421,water,ACTIVE,1,7,220,1,5579
R0422,transit,ACTIVE,1,5,220,1,5579
R0423,waste,ACTIVE,1,6,220,1,5579
R0424,emergency,ACTIVE,1,7,220,1,5579
R0425,traffic,ACTIVE,1,4,220,1,5579
R0426,emergency,ACTIVE,1,7,220,1,5579
R0427,transit,ACTIVE,1,5,220,1,5579
R0428,communications,ACTIVE,1,7,220,1,5579
R0429,communications,ACTIVE,1,4,220,1,5579
R0430,communications,ACTIVE,1,7,220,1,5579
R0431,water,ACTIVE,1,4,220,1,5579
R0432,waste,ACTIVE,1,6,220,1,5579
R0433,emergency,ACTIVE,1,6,220,1,5579
R0434,traffic,ACTIVE,1,7,220,1,5579
R0435,traffic,ACTIVE,0,4,67,40,5579
R0436,power,ACTIVE,1,5,220,1,5579
R0437,water,ACTIVE,1,7,220,1,5579
R0438,communications,ACTIVE,1,4,220,1,5579
R0439,water,ACTIVE,1,7,220,1,5579
R0440,waste,ACTIVE,1,5,220,1,5579
R0441,traffic,ACTIVE,1,5,220,1,5579
R0442,waste,ACTIVE,1,7,220,1,5579
R0443,communications,ACTIVE,1,7,220,1,5579
R0444,power,ACTIVE,1,6,220,1,5579
R0445,communications,ACTIVE,1,6,220,1,5579
R0446,power,ACTIVE,1,7,220,1,5579
R0447,traffic,ACTIVE,1,6,220,1,5579
R0448,waste,ACTIVE,1,6,220,1,5579
R0449,power,ACTIVE,1,6,220,1,5579
R0450,waste,ACTIVE,1,4,220,1,5579
R0451,communications,ACTIVE,1,2,113,37,5579
R0452,emergency,ACTIVE,1,4,220,1,5579
R0453,water,ACTIVE,1,6,220,1,5579
R0454,emergency,ACTIVE,1,4,220,1,5579
R0455,waste,ACTIVE,1,4,220,1,5579
R0456,communications,ACTIVE,1,4,220,1,5579
R0457,emergency,ACTIVE,1,5,220,1,5579
R0458,waste,INACTIVE,1,6,167,20,5579
R0459,waste,ACTIVE,1,6,220,1,5579
R0460,traffic,ACTIVE,1,5,220,1,5579
R0461,waste,ACTIVE,1,7,220,1,5579
R0462,power,ACTIVE,1,4,220,1,5579
R0463,emergency,ACTIVE,1,6,220,1,5579
R0464,waste,ACTIVE,1,6,220,1,5579
R0465,traffic,ACTIVE,1,7,220,1,5579
R0466,transit,ACTIVE,1,7,220,1,5579
R0467,communications,ACTIVE,1,7,220,1,5579
R0468,power,ACTIVE,1,5,220,1,5579
R0469,traffic,ACTIVE,1,6,220,1,5579
R0470,emergency,ACTIVE,1,7,220,1,5579
R0471,water,ACTIVE,1,4,220,1,5579
R0472,power,ACTIVE,1,4,220,1,5579
R0473,communications,ACTIVE,1,6,220,1,5579
R0474,emergency,ACTIVE,1,4,220,1,5579
R0475,waste,ACTIVE,1,4,220,1,5579
R0476,transit,ACTIVE,1,5,220,1,5579
R0477,water,ACTIVE,1,5,220,1,5579
R0478,communications,ACTIVE,1,5,220,1,5579
R0479,power,ACTIVE,1,7,220,1,5579
R0480,power,ACTIVE,1,4,220,1,5579
R0481,traffic,ACTIVE,1,6,220,1,5579
R0482,water,ACTIVE,1,5,220,1,5579
R0483,transit,ACTIVE,1,7,220,1,5579
R0484,communications,ACTIVE,1,6,220,1,5579
R0485,transit,ACTIVE,1,4,220,1,5579
R0486,communications,ACTIVE,1,6,220,1,5579
R0487,waste,ACTIVE,1,7,220,1,5579
R0488,traffic,ACTIVE,1,6,220,1,5579
R0489,traffic,ACTIVE,1,5,220,1,5579
R0490,emergency,ACTIVE,1,5,220,1,5579
R0491,emergency,ACTIVE,1,7,220,1,5579
R0492,communications,ACTIVE,1,6,220,1,5579
R0493,communications,ACTIVE,1,5,220,1,5579
R0494,traffic,ACTIVE,1,5,220,1,5579
R0495,emergency,ACTIVE,1,6,220,1,5579
R0496,communications,ACTIVE,1,4,220,1,5579
R0497,traffic,ACTIVE,1,7,220,1,5579
R0498,waste,ACTIVE,1,6,220,1,5579
R0499,emergency,ACTIVE,1,6,220,1,5579
R0500,traffic,ACTIVE,1,5,220,1,5579
R0501,power,ACTIVE,1,6,220,1,5579
R0502,traffic,ACTIVE,1,7,220,1,5579
R0503,traffic,ACTIVE,1,4,220,1,5579
R0504,traffic,ACTIVE,1,7,220,1,5579
R0505,emergency,ACTIVE,1,4,220,1,5579
R0506,waste,ACTIVE,1,5,220,1,5579
R0507,emergency,ACTIVE,1,4,220,1,5579
R0508,water,ACTIVE,1,6,220,1,5579
R0509,waste,ACTIVE,1,6,220,1,5579
R0510,waste,ACTIVE,1,4,220,1,5579
R0511,communications,ACTIVE,1,7,73,1,5579
R0512,traffic,ACTIVE,1,7,220,1,5579
R0513,communications,ACTIVE,1,6,220,1,5579
R0514,communications,ACTIVE,1,3,19,125,5579
R0515,emergency,ACTIVE,1,4,220,1,5579
R0516,traffic,ACTIVE,1,4,220,1,5579
R0517,water,ACTIVE,1,7,220,1,5579
R0518,communications,ACTIVE,1,5,220,1,5579
R0519,waste,ACTIVE,1,6,220,1,5579
R0520,transit,ACTIVE,1,7,220,1,5579
R0521,traffic,ACTIVE,1,6,220,1,5579
R0522,emergency,ACTIVE,1,7,220,1,5579
R0523,communications,ACTIVE,1,6,220,1,5579
R0524,water,ACTIVE,1,6,220,1,5579
R0525,communications,ACTIVE,1,5,220,1,5579
R0526,water,ACTIVE,1,4,220,1,5579
R0527,communications,ACTIVE,1,4,70,43,5579
R0528,communications,ACTIVE,1,6,220,1,5579
R0529,transit,ACTIVE,1,7,220,1,5579
R0530,waste,ACTIVE,1,4,220,1,5579
R0531,waste,ACTIVE,1,7,220,1,5579
R0532,water,ACTIVE,1,4,220,1,5579
R0533,waste,ACTIVE,1,6,220,1,5579
R0534,water,ACTIVE,1,4,220,1,5579
R0535,waste,ACTIVE,1,5,220,1,5579
R0536,water,ACTIVE,1,6,220,1,5579
R0537,power,ACTIVE,1,5,220,1,5579
R0538,water,ACTIVE,1,6,220,1,5579
R0539,waste,ACTIVE,1,4,220,1,5579
R0540,waste,ACTIVE,1,7,220,1,5579
R0541,waste,ACTIVE,1,5,220,1,5579
R0542,emergency,ACTIVE,1,7,220,1,5579
R0543,traffic,ACTIVE,1,6,220,1,5579
R0544,water,ACTIVE,1,3,83,107,5579
R0545,waste,ACTIVE,1,7,220,1,5579
R0546,power,ACTIVE,1,5,220,1,5579
R0547,traffic,ACTIVE,1,5,220,1,5579
R0548,power,ACTIVE,1,7,220,1,5579
R0549,transit,ACTIVE,1,4,220,1,5579
R0550,traffic,ACTIVE,1,6,220,1,5579
R0551,power,ACTIVE,1,7,220,1,5579
R0552,water,ACTIVE,1,4,220,1,5579
R0553,traffic,ACTIVE,1,4,220,1,5579
R0554,waste,ACTIVE,1,4,220,1,5579
R0555,power,ACTIVE,1,4,220,1,5579
R0556,communications,ACTIVE,1,5,220,1,5579
R0557,waste,ACTIVE,1,4,220,1,5579
R0558,power,ACTIVE,1,5,220,1,5579
R0559,transit,ACTIVE,1,6,220,1,5579
R0560,emergency,ACTIVE,1,3,159,81,5579
R0561,water,ACTIVE,1,6,220,1,5579
R0562,emergency,ACTIVE,1,7,220,1,5579
R0563,waste,ACTIVE,1,5,220,1,5579
R0564,traffic,ACTIVE,1,5,220,1,5579
R0565,power,ACTIVE,1,4,220,1,5579
R0566,traffic,ACTIVE,1,4,220,1,5579
R0567,communications,ACTIVE,1,5,220,1,5579
R0568,transit,ACTIVE,1,7,220,1,5579
R0569,traffic,ACTIVE,1,7,220,1,5579
R0570,traffic,ACTIVE,1,4,220,1,5579
R0571,emergency,ACTIVE,1,7,220,1,5579
R0572,communications,ACTIVE,1,4,220,1,5579
R0573,transit,ACTIVE,1,6,220,1,5579
R0574,power,ACTIVE,1,4,220,1,5579
R0575,emergency,ACTIVE,1,6,220,1,5579
R0576,transit,ACTIVE,1,4,220,1,5579
R0577,traffic,ACTIVE,1,5,220,1,5579
R0578,traffic,ACTIVE,1,7,220,1,5579
R0579,power,ACTIVE,1,5,220,1,5579
R0580,communications,ACTIVE,1,7,220,1,5579
R0581,waste,ACTIVE,1,7,220,1,5579
R0582,power,ACTIVE,1,7,220,1,5579
R0583,power,ACTIVE,1,4,220,1,5579
R0584,power,ACTIVE,1,7,220,1,5579
R0585,power,ACTIVE,1,4,220,1,5579
R0586,power,ACTIVE,1,5,220,1,5579
R0587,transit,ACTIVE,1,6,220,1,5579
R0588,water,ACTIVE,1,7,220,1,5579
R0589,emergency,ACTIVE,1,6,220,1,5579
R0590,transit,ACTIVE,1,4,220,1,5579
R0591,traffic,ACTIVE,1,6,220,1,5579
R0592,water,ACTIVE,1,4,220,1,5579
R0593,traffic,ACTIVE,1,6,220,1,5579
R0594,waste,ACTIVE,1,7,220,1,5579
R0595,communications,ACTIVE,1,7,220,1,5579
R0596,emergency,ACTIVE,1,5,220,1,5579
R0597,transit,ACTIVE,1,5,220,1,5579
R0598,water,ACTIVE,1,4,220,1,5579
R0599,power,ACTIVE,1,5,220,1,5579
R0600,communications,ACTIVE,1,6,220,1,5579
R0601,water,ACTIVE,1,4,220,1,5579
R0602,transit,ACTIVE,1,7,220,1,5579
R0603,power,ACTIVE,1,6,220,1,5579
R0604,water,ACTIVE,1,7,220,1,5579
R0605,transit,ACTIVE,1,4,220,1,5579
R0606,water,ACTIVE,1,7,220,1,5579
R0607,communications,ACTIVE,1,7,220,1,5579
R0608,communications,ACTIVE,1,7,220,1,5579
R0609,water,ACTIVE,1,7,220,1,5579
R0610,communications,ACTIVE,1,4,220,1,5579
R0611,emergency,ACTIVE,1,7,220,1,5579
R0612,emergency,ACTIVE,1,7,220,1,5579
R0613,transit,ACTIVE,1,6,220,1,5579
R0614,emergency,ACTIVE,1,5,220,1,5579
R0615,transit,ACTIVE,1,7,220,1,5579
R0616,emergency,ACTIVE,1,4,220,1,5579
R0617,traffic,ACTIVE,1,5,220,1,5579
R0618,waste,ACTIVE,1,6,172,4,5579
R0619,power,ACTIVE,1,6,220,1,5579
R0620,transit,ACTIVE,1,4,220,1,5579
R0621,power,ACTIVE,1,6,220,1,5579
R0622,power,ACTIVE,1,6,220,1,5579
R0623,water,ACTIVE,1,4,220,1,5579
R0624,traffic,ACTIVE,1,5,220,1,5579
R0625,waste,ACTIVE,1,7,220,1,5579
R0626,transit,ACTIVE,1,7,220,1,5579
R0627,water,ACTIVE,1,4,220,1,5579
R0628,emergency,ACTIVE,1,5,220,1,5579
R0629,transit,ACTIVE,1,6,220,1,5579
R0630,transit,ACTIVE,1,7,220,1,5579
R0631,power,ACTIVE,1,5,220,1,5579
R0632,power,ACTIVE,1,4,220,1,5579
R0633,water,ACTIVE,1,5,220,1,5579
R0634,transit,ACTIVE,1,5,220,1,5579
R0635,traffic,ACTIVE,1,4,220,1,5579
R0636,power,ACTIVE,1,5,220,1,5579
R0637,waste,ACTIVE,1,6,220,1,5579
R0638,communications,ACTIVE,1,6,220,1,5579
R0639,transit,ACTIVE,1,4,220,1,5579
R0640,waste,ACTIVE,1,6,220,1,5579
R0641,waste,ACTIVE,1,7,220,1,5579
R0642,water,ACTIVE,1,5,220,1,5579
R0643,water,ACTIVE,1,6,220,1,5579
R0644,traffic,ACTIVE,1,4,220,1,5579
R0645,communications,ACTIVE,1,7,220,1,5579
R0646,power,ACTIVE,1,7,220,1,5579
R0647,communications,ACTIVE,1,7,220,1,5579
R0648,emergency,ACTIVE,1,5,220,1,5579
R0649,water,ACTIVE,1,6,220,1,5579
R0650,communications,ACTIVE,1,4,220,1,5579
R0651,waste,ACTIVE,1,5,220,1,5579
R0652,traffic,ACTIVE,1,6,220,1,5579
R0653,emergency,ACTIVE,1,7,220,1,5579
R0654,power,ACTIVE,1,6,220,1,5579
R0655,waste,ACTIVE,1,4,220,1,5579
R0656,emergency,ACTIVE,1,6,220,1,5579
R0657,emergency,ACTIVE,1,7,220,1,5579
R0658,communications,ACTIVE,1,5,220,1,5579
R0659,communications,ACTIVE,1,5,220,1,5579
R0660,traffic,ACTIVE,1,4,220,1,5579
R0661,communications,ACTIVE,1,5,220,1,5579
R0662,traffic,ACTIVE,1,5,220,1,5579
R0663,waste,ACTIVE,1,5,220,1,5579
R0664,emergency,ACTIVE,1,5,220,1,5579
R0665,emergency,ACTIVE,1,5,220,1,5579
R0666,power,ACTIVE,1,6,220,1,5579
R0667,waste,ACTIVE,1,1,150,63,5579
R0668,water,ACTIVE,1,7,220,1,5579
R0669,power,ACTIVE,1,5,220,1,5579
R0670,transit,ACTIVE,1,7,220,1,5579
R0671,communications,ACTIVE,1,6,220,1,5579
R0672,transit,ACTIVE,1,6,220,1,5579
R0673,water,ACTIVE,1,5,220,1,5579
R0674,traffic,ACTIVE,1,6,220,1,5579
R0675,power,ACTIVE,1,5,220,1,5579
R0676,emergency,ACTIVE,1,2,139,11,5579
R0677,communications,ACTIVE,1,6,220,1,5579
R0678,emergency,ACTIVE,1,5,220,1,5579
R0679,water,ACTIVE,1,4,220,1,5579
R0680,transit,ACTIVE,1,4,220,1,5579
R0681,water,ACTIVE,1,5,220,1,5579
R0682,transit,ACTIVE,1,4,220,1,5579
R0683,transit,ACTIVE,1,6,220,1,5579
R0684,water,ACTIVE,1,6,220,1,5579
R0685,traffic,ACTIVE,1,6,220,1,5579
R0686,emergency,ACTIVE,1,5,220,1,5579
R0687,emergency,ACTIVE,1,7,220,1,5579
R0688,power,ACTIVE,1,7,220,1,5579
R0689,communications,ACTIVE,1,5,220,1,5579
R0690,water,ACTIVE,1,6,220,1,5579
R0691,water,ACTIVE,1,6,220,1,5579
R0692,communications,ACTIVE,1,6,220,1,5579
R0693,water,ACTIVE,1,7,220,1,5579
R0694,emergency,ACTIVE,1,4,220,1,5579
R0695,traffic,ACTIVE,1,7,220,1,5579
R0696,power,ACTIVE,1,4,220,1,5579
R0697,communications,ACTIVE,1,7,220,1,5579
R0698,communications,DEFERRED,1,1,152,60,5579
R0699,communications,ACTIVE,1,5,220,1,5579
R0700,communications,ACTIVE,1,5,220,1,5579
R0701,power,ACTIVE,1,4,220,1,5579
R0702,power,ACTIVE,1,6,220,1,5579
R0703,water,ACTIVE,1,5,220,1,5579
R0704,waste,ACTIVE,1,7,220,1,5579
R0705,transit,ACTIVE,1,7,220,1,5579
R0706,transit,ACTIVE,1,7,220,1,5579
R0707,transit,ACTIVE,1,7,220,1,5579
R0708,communications,ACTIVE,1,5,220,1,5579
R0709,communications,ACTIVE,1,7,220,1,5579
R0710,traffic,ACTIVE,1,4,220,1,5579
R0711,power,ACTIVE,1,6,220,1,5579
R0712,traffic,ACTIVE,1,6,220,1,5579
R0713,communications,ACTIVE,1,5,220,1,5579
R0714,waste,ACTIVE,1,5,220,1,5579
R0715,power,ACTIVE,1,4,220,1,5579
R0716,water,ACTIVE,1,6,220,1,5579
R0717,water,ACTIVE,1,5,220,1,5579
R0718,water,ACTIVE,1,6,220,1,5579
R0719,emergency,ACTIVE,1,7,220,1,5579
R0720,transit,ACTIVE,1,6,220,1,5579
R0721,communications,ACTIVE,1,6,220,1,5579
R0722,water,ACTIVE,1,7,220,1,5579
R0723,waste,ACTIVE,1,4,220,1,5579
R0724,power,ACTIVE,1,6,220,1,5579
R0725,emergency,ACTIVE,1,6,220,1,5579
R0726,water,ACTIVE,1,7,220,1,5579
R0727,power,ACTIVE,1,5,220,1,5579
R0728,emergency,ACTIVE,1,6,220,1,5579
R0729,communications,ACTIVE,1,5,220,1,5579
R0730,transit,INACTIVE,1,7,27,32,5579
R0731,traffic,ACTIVE,1,6,220,1,5579
R0732,communications,ACTIVE,1,4,220,1,5579
R0733,water,ACTIVE,1,7,220,1,5579
R0734,transit,ACTIVE,1,6,220,1,5579
R0735,communications,ACTIVE,1,4,220,1,5579
R0736,water,ACTIVE,1,7,220,1,5579
R0737,transit,ACTIVE,1,7,220,1,5579
R0738,transit,ACTIVE,1,7,220,1,5579
R0739,communications,ACTIVE,1,5,220,1,5579
R0740,emergency,ACTIVE,1,7,220,1,5579
R0741,transit,ACTIVE,1,4,220,1,5579
R0742,water,ACTIVE,1,4,220,1,5579
R0743,power,ACTIVE,1,7,220,1,5579
R0744,emergency,ACTIVE,1,6,220,1,5579
R0745,water,ACTIVE,1,5,220,1,5579
R0746,emergency,ACTIVE,1,7,220,1,5579
R0747,traffic,ACTIVE,1,4,220,1,5579
R0748,traffic,ACTIVE,1,6,220,1,5579
R0749,emergency,ACTIVE,1,6,220,1,5579
R0750,water,ACTIVE,1,5,220,1,5579
R0751,power,ACTIVE,1,4,220,1,5579
R0752,water,ACTIVE,1,7,220,1,5579
R0753,emergency,ACTIVE,1,4,220,1,5579
R0754,water,ACTIVE,1,7,220,1,5579
R0755,water,ACTIVE,1,6,220,1,5579
R0756,communications,ACTIVE,1,6,220,1,5579
R0757,traffic,ACTIVE,1,5,220,1,5579
R0758,emergency,ACTIVE,1,6,220,1,5579
R0759,power,ACTIVE,1,7,220,1,5579
R0760,power,ACTIVE,1,7,220,1,5579
R0761,power,ACTIVE,1,6,220,1,5579
R0762,traffic,ACTIVE,1,7,220,1,5579
R0763,emergency,ACTIVE,1,4,220,1,5579
R0764,water,ACTIVE,1,4,220,1,5579
R0765,traffic,ACTIVE,1,5,220,1,5579
R0766,transit,ACTIVE,1,6,220,1,5579
R0767,power,ACTIVE,1,6,220,1,5579
R0768,water,ACTIVE,1,6,220,1,5579
R0769,traffic,ACTIVE,1,5,220,1,5579
R0770,communications,ACTIVE,1,6,220,1,5579
R0771,power,ACTIVE,1,6,220,1,5579
R0772,communications,ACTIVE,1,5,220,1,5579
R0773,traffic,ACTIVE,1,5,220,1,5579
R0774,waste,ACTIVE,1,4,220,1,5579
R0775,communications,ACTIVE,1,6,220,1,5579
R0776,traffic,ACTIVE,1,5,220,1,5579
R0777,waste,ACTIVE,1,7,220,1,5579
R0778,waste,ACTIVE,1,5,220,1,5579
R0779,waste,ACTIVE,1,6,220,1,5579
R0780,waste,ACTIVE,1,5,220,1,5579
R0781,transit,ACTIVE,1,5,220,1,5579
R0782,traffic,ACTIVE,1,4,220,1,5579
R0783,transit,ACTIVE,1,6,220,1,5579
R0784,waste,ACTIVE,1,5,220,1,5579
R0785,water,ACTIVE,1,5,220,1,5579
R0786,communications,ACTIVE,1,6,220,1,5579
R0787,transit,ACTIVE,1,6,220,1,5579
R0788,transit,ACTIVE,1,4,220,1,5579
R0789,communications,ACTIVE,1,6,220,1,5579
R0790,water,ACTIVE,1,7,220,1,5579
R0791,waste,ACTIVE,1,4,220,1,5579
R0792,traffic,ACTIVE,1,7,220,1,5579
R0793,communications,ACTIVE,1,4,220,1,5579
R0794,communications,ACTIVE,1,5,220,1,5579
R0795,emergency,ACTIVE,1,6,220,1,5579
R0796,communications,ACTIVE,1,7,220,1,5579
R0797,communications,ACTIVE,1,7,220,1,5579
R0798,transit,ACTIVE,1,4,220,1,5579
R0799,emergency,ACTIVE,1,4,220,1,5579
R0800,waste,ACTIVE,1,5,220,1,5579
R0801,traffic,ACTIVE,0,4,112,65,5579
R0802,water,ACTIVE,1,7,220,1,5579
R0803,power,ACTIVE,1,6,220,1,5579
R0804,power,ACTIVE,1,4,220,1,5579
R0805,communications,ACTIVE,1,6,220,1,5579
R0806,transit,ACTIVE,1,7,220,1,5579
R0807,communications,ACTIVE,1,6,220,1,5579
R0808,power,ACTIVE,1,6,220,1,5579
R0809,traffic,ACTIVE,1,5,220,1,5579
R0810,communications,ACTIVE,1,6,220,1,5579
R0811,emergency,ACTIVE,1,7,220,1,5579
R0812,emergency,ACTIVE,1,7,220,1,5579
R0813,traffic,ACTIVE,1,5,220,1,5579
R0814,transit,ACTIVE,1,7,220,1,5579
R0815,power,ACTIVE,1,7,220,1,5579
R0816,emergency,ACTIVE,1,5,220,1,5579
R0817,waste,ACTIVE,1,7,220,1,5579
R0818,waste,ACTIVE,1,4,220,1,5579
R0819,transit,ACTIVE,1,6,220,1,5579
R0820,emergency,ACTIVE,1,4,220,1,5579
R0821,waste,ACTIVE,1,4,220,1,5579
R0822,water,ACTIVE,1,7,220,1,5579
R0823,traffic,ACTIVE,1,4,220,1,5579
R0824,water,ACTIVE,1,5,220,1,5579
R0825,power,ACTIVE,1,6,220,1,5579
R0826,power,ACTIVE,1,7,220,1,5579
R0827,water,ACTIVE,1,4,220,1,5579
R0828,emergency,ACTIVE,1,7,220,1,5579
R0829,transit,ACTIVE,1,4,220,1,5579
R0830,power,ACTIVE,1,6,220,1,5579
R0831,traffic,ACTIVE,1,7,220,1,5579
R0832,waste,ACTIVE,1,6,220,1,5579
R0833,water,DEFERRED,1,6,16,75,5579
R0834,water,ACTIVE,1,5,220,1,5579
R0835,traffic,ACTIVE,1,7,220,1,5579
R0836,transit,ACTIVE,0,7,23,114,5579
R0837,communications,ACTIVE,1,7,220,1,5579
R0838,water,ACTIVE,1,7,220,1,5579
R0839,communications,ACTIVE,0,5,75,28,5579
R0840,water,ACTIVE,1,5,220,1,5579
R0841,water,ACTIVE,1,4,220,1,5579
R0842,transit,ACTIVE,1,6,220,1,5579
R0843,emergency,ACTIVE,1,6,220,1,5579
R0844,transit,ACTIVE,1,7,220,1,5579
R0845,water,ACTIVE,1,6,220,1,5579
R0846,waste,ACTIVE,1,7,220,1,5579
R0847,power,ACTIVE,1,4,220,1,5579
R0848,transit,ACTIVE,1,4,220,1,5579
R0849,transit,ACTIVE,1,7,220,1,5579
R0850,emergency,ACTIVE,1,7,220,1,5579
R0851,traffic,ACTIVE,1,5,220,1,5579
R0852,waste,ACTIVE,1,4,220,1,5579
R0853,power,ACTIVE,1,4,220,1,5579
R0854,waste,ACTIVE,1,6,220,1,5579
R0855,transit,ACTIVE,1,6,220,1,5579
R0856,transit,ACTIVE,1,4,220,1,5579
R0857,water,ACTIVE,1,7,220,1,5579
R0858,water,ACTIVE,1,6,220,1,5579
R0859,communications,ACTIVE,1,4,220,1,5579
R0860,communications,ACTIVE,1,5,220,1,5579
R0861,emergency,ACTIVE,1,6,220,1,5579
R0862,communications,ACTIVE,1,7,220,1,5579
R0863,power,ACTIVE,1,5,220,1,5579
R0864,emergency,ACTIVE,1,4,220,1,5579
R0865,waste,ACTIVE,1,7,220,1,5579
R0866,waste,ACTIVE,1,6,220,1,5579
R0867,water,ACTIVE,1,5,220,1,5579
R0868,communications,ACTIVE,1,6,220,1,5579
R0869,water,ACTIVE,1,5,220,1,5579
R0870,water,ACTIVE,1,7,220,1,5579
R0871,transit,ACTIVE,1,7,220,1,5579
R0872,communications,ACTIVE,1,6,220,1,5579
R0873,transit,ACTIVE,1,6,220,1,5579
R0874,water,ACTIVE,1,7,220,1,5579
R0875,emergency,ACTIVE,1,4,220,1,5579
R0876,power,ACTIVE,1,5,220,1,5579
R0877,traffic,ACTIVE,1,4,220,1,5579
R0878,traffic,ACTIVE,1,7,220,1,5579
R0879,traffic,ACTIVE,1,4,220,1,5579
R0880,waste,ACTIVE,1,6,220,1,5579
R0881,transit,ACTIVE,1,7,220,1,5579
R0882,transit,ACTIVE,1,6,220,1,5579
R0883,water,ACTIVE,1,6,220,1,5579
R0884,power,ACTIVE,1,5,220,1,5579
R0885,communications,ACTIVE,1,4,220,1,5579
R0886,communications,ACTIVE,1,6,220,1,5579
R0887,traffic,ACTIVE,1,5,220,1,5579
R0888,emergency,ACTIVE,1,4,220,1,5579
R0889,communications,ACTIVE,1,6,220,1,5579
R0890,emergency,ACTIVE,1,4,220,1,5579
R0891,water,ACTIVE,1,5,220,1,5579
R0892,waste,ACTIVE,1,6,220,1,5579
R0893,traffic,ACTIVE,1,4,220,1,5579
R0894,water,ACTIVE,1,4,220,1,5579
R0895,traffic,ACTIVE,1,5,220,1,5579
R0896,traffic,ACTIVE,1,5,220,1,5579
R0897,waste,ACTIVE,1,4,220,1,5579
R0898,communications,ACTIVE,1,5,220,1,5579
R0899,emergency,ACTIVE,1,7,220,1,5579
R0900,emergency,ACTIVE,1,5,220,1,5579
R0901,waste,ACTIVE,1,5,220,1,5579
R0902,emergency,ACTIVE,1,5,220,1,5579
R0903,transit,ACTIVE,1,5,220,1,5579
R0904,communications,ACTIVE,1,6,220,1,5579
R0905,communications,ACTIVE,1,7,220,1,5579
R0906,transit,ACTIVE,1,5,220,1,5579
R0907,emergency,ACTIVE,0,6,60,126,5579
R0908,waste,ACTIVE,1,7,220,1,5579
R0909,traffic,ACTIVE,1,7,220,1,5579
R0910,water,ACTIVE,1,5,220,1,5579
R0911,emergency,ACTIVE,1,7,220,1,5579
R0912,waste,ACTIVE,1,4,220,1,5579
R0913,emergency,ACTIVE,1,5,220,1,5579
R0914,water,ACTIVE,1,7,220,1,5579
R0915,emergency,ACTIVE,1,6,220,1,5579
R0916,waste,ACTIVE,1,6,220,1,5579
R0917,waste,ACTIVE,1,5,220,1,5579
R0918,transit,ACTIVE,1,6,220,1,5579
R0919,power,ACTIVE,1,6,220,1,5579
R0920,transit,ACTIVE,1,7,220,1,5579
R0921,traffic,QUEUED,1,4,114,77,5579
R0922,waste,ACTIVE,1,5,220,1,5579
R0923,transit,ACTIVE,1,6,220,1,5579
R0924,communications,ACTIVE,1,4,220,1,5579
R0925,water,ACTIVE,1,6,220,1,5579
R0926,water,ACTIVE,1,5,220,1,5579
R0927,traffic,ACTIVE,1,7,220,1,5579
R0928,traffic,ACTIVE,1,4,220,1,5579
R0929,traffic,ACTIVE,1,7,220,1,5579
R0930,transit,ACTIVE,1,5,220,1,5579
R0931,communications,ACTIVE,1,6,220,1,5579
R0932,emergency,ACTIVE,1,4,220,1,5579
R0933,transit,ACTIVE,1,4,220,1,5579
R0934,emergency,ACTIVE,1,7,220,1,5579
R0935,transit,ACTIVE,1,5,220,1,5579
R0936,transit,ACTIVE,1,5,220,1,5579
R0937,waste,ACTIVE,1,4,220,1,5579
R0938,traffic,ACTIVE,1,5,220,1,5579
R0939,transit,ACTIVE,1,6,220,1,5579
R0940,communications,ACTIVE,1,4,220,1,5579
R0941,traffic,ACTIVE,1,6,220,1,5579
R0942,water,ACTIVE,1,4,220,1,5579
R0943,power,ACTIVE,1,7,220,1,5579
R0944,transit,ACTIVE,1,5,220,1,5579
R0945,traffic,ACTIVE,1,7,220,1,5579
R0946,traffic,ACTIVE,1,4,220,1,5579
R0947,power,ACTIVE,1,6,220,1,5579
R0948,water,ACTIVE,1,6,220,1,5579
R0949,transit,ACTIVE,1,5,220,1,5579
R0950,water,ACTIVE,1,7,220,1,5579
R0951,transit,ACTIVE,1,6,220,1,5579
R0952,traffic,COMPLETE,1,4,26,21,5579
R0953,emergency,ACTIVE,1,7,220,1,5579
R0954,communications,ACTIVE,1,4,220,1,5579
R0955,waste,ACTIVE,1,6,220,1,5579
R0956,communications,ACTIVE,1,5,220,1,5579
R0957,waste,ACTIVE,1,4,220,1,5579
R0958,communications,ACTIVE,1,7,220,1,5579
R0959,waste,ACTIVE,1,7,220,1,5579
R0960,emergency,ACTIVE,1,7,220,1,5579
R0961,power,ACTIVE,1,7,220,1,5579
R0962,transit,ACTIVE,1,6,220,1,5579
R0963,power,ACTIVE,1,4,220,1,5579
R0964,water,ACTIVE,1,4,220,1,5579
R0965,waste,ACTIVE,1,5,220,1,5579
R0966,traffic,ACTIVE,1,7,220,1,5579
R0967,emergency,ACTIVE,1,4,220,1,5579
R0968,communications,ACTIVE,1,7,220,1,5579
R0969,waste,ACTIVE,1,6,220,1,5579
R0970,traffic,ACTIVE,1,7,220,1,5579
R0971,communications,ACTIVE,1,5,220,1,5579
R0972,emergency,ACTIVE,1,6,220,1,5579
R0973,communications,ACTIVE,1,7,220,1,5579
R0974,waste,ACTIVE,1,5,220,1,5579
R0975,power,ACTIVE,1,7,220,1,5579
R0976,communications,ACTIVE,1,4,220,1,5579
R0977,waste,ACTIVE,1,5,220,1,5579
R0978,traffic,ACTIVE,1,4,220,1,5579
R0979,power,ACTIVE,1,6,220,1,5579
R0980,emergency,ACTIVE,1,5,220,1,5579
R0981,power,ACTIVE,1,4,220,1,5579
R0982,transit,ACTIVE,1,4,220,1,5579
R0983,water,ACTIVE,1,7,220,1,5579
R0984,power,ACTIVE,1,6,220,1,5579
R0985,transit,ACTIVE,1,5,220,1,5579
R0986,waste,ACTIVE,1,4,220,1,5579
R0987,traffic,ACTIVE,1,7,220,1,5579
R0988,transit,ACTIVE,1,7,220,1,5579
R0989,emergency,ACTIVE,1,7,220,1,5579
R0990,emergency,ACTIVE,1,4,220,1,5579
R0991,transit,DEFERRED,1,5,46,99,5579
R0992,waste,ACTIVE,1,6,220,1,5579
R0993,power,ACTIVE,1,6,220,1,5579
R0994,transit,ACTIVE,1,6,220,1,5579
R0995,transit,ACTIVE,1,5,220,1,5579
R0996,emergency,ACTIVE,1,6,220,1,5579
R0997,communications,ACTIVE,1,4,220,1,5579
R0998,emergency,ACTIVE,1,4,220,1,5579
R0999,power,ACTIVE,1,5,220,1,5579
R1000,transit,ACTIVE,1,5,220,1,5579
R1001,power,ACTIVE,1,6,220,1,5579
R1002,traffic,ACTIVE,1,7,220,1,5579
R1003,power,ACTIVE,1,4,220,1,5579
R1004,waste,ACTIVE,1,5,220,1,5579
R1005,traffic,ACTIVE,1,7,220,1,5579
R1006,waste,ACTIVE,1,4,220,1,5579
R1007,waste,ACTIVE,1,6,220,1,5579
R1008,power,ACTIVE,1,5,220,1,5579
R1009,traffic,ACTIVE,1,4,220,1,5579
R1010,emergency,ACTIVE,1,4,220,1,5579
R1011,transit,ACTIVE,1,7,220,1,5579
R1012,water,ACTIVE,1,4,220,1,5579
R1013,waste,ACTIVE,1,4,220,1,5579
R1014,power,ACTIVE,1,4,220,1,5579
R1015,power,ACTIVE,1,5,220,1,5579
R1016,traffic,DEFERRED,1,2,126,54,5579
R1017,traffic,ACTIVE,0,7,95,46,5579
R1018,transit,ACTIVE,1,7,220,1,5579
R1019,water,ACTIVE,1,7,220,1,5579
R1020,transit,ACTIVE,1,5,220,1,5579
R1021,transit,ACTIVE,1,6,220,1,5579
R1022,waste,ACTIVE,1,6,220,1,5579
R1023,traffic,ACTIVE,1,5,220,1,5579
R1024,traffic,ACTIVE,1,7,220,1,5579
R1025,emergency,ACTIVE,1,4,220,1,5579
R1026,water,ACTIVE,1,6,220,1,5579
R1027,transit,ACTIVE,1,7,220,1,5579
R1028,waste,ACTIVE,1,5,220,1,5579
R1029,water,ACTIVE,1,4,220,1,5579
R1030,waste,ACTIVE,1,5,220,1,5579
R1031,power,ACTIVE,1,6,220,1,5579
R1032,power,ACTIVE,1,7,220,1,5579
R1033,emergency,ACTIVE,1,6,220,1,5579
R1034,transit,ACTIVE,1,4,220,1,5579
R1035,emergency,ACTIVE,1,4,220,1,5579
R1036,waste,ACTIVE,1,7,220,1,5579
R1037,communications,ACTIVE,1,4,220,1,5579
R1038,waste,ACTIVE,1,7,220,1,5579
R1039,power,ACTIVE,1,7,220,1,5579
R1040,emergency,ACTIVE,1,4,220,1,5579
R1041,transit,ACTIVE,1,5,220,1,5579
R1042,communications,ACTIVE,1,4,220,1,5579
R1043,traffic,ACTIVE,1,6,220,1,5579
R1044,water,ACTIVE,1,7,220,1,5579
R1045,traffic,ACTIVE,1,4,220,1,5579
R1046,water,ACTIVE,1,5,220,1,5579
R1047,communications,ACTIVE,1,4,220,1,5579
R1048,communications,ACTIVE,1,4,220,1,5579
R1049,communications,ACTIVE,1,7,220,1,5579
R1050,emergency,ACTIVE,1,5,220,1,5579
R1051,waste,ACTIVE,1,6,220,1,5579
R1052,power,ACTIVE,1,4,220,1,5579
R1053,water,ACTIVE,1,5,220,1,5579
R1054,transit,ACTIVE,1,4,220,1,5579
R1055,transit,ACTIVE,1,6,220,1,5579
R1056,transit,ACTIVE,0,6,142,124,5579
R1057,emergency,ACTIVE,1,4,220,1,5579
R1058,communications,ACTIVE,1,4,220,1,5579
R1059,water,ACTIVE,1,4,220,1,5579
R1060,power,ACTIVE,1,6,220,1,5579
R1061,transit,ACTIVE,1,4,220,1,5579
R1062,waste,ACTIVE,1,6,220,1,5579
R1063,emergency,ACTIVE,1,6,220,1,5579
R1064,communications,ACTIVE,1,7,220,1,5579
R1065,power,ACTIVE,1,4,220,1,5579
R1066,water,ACTIVE,1,5,220,1,5579
R1067,traffic,ACTIVE,1,4,220,1,5579
R1068,traffic,ACTIVE,1,5,220,1,5579
R1069,water,ACTIVE,1,6,220,1,5579
R1070,water,ACTIVE,1,4,220,1,5579
R1071,power,ACTIVE,1,5,220,1,5579
R1072,traffic,ACTIVE,1,7,220,1,5579
R1073,power,ACTIVE,1,4,220,1,5579
R1074,transit,ACTIVE,1,5,220,1,5579
R1075,transit,ACTIVE,1,5,220,1,5579
R1076,waste,ACTIVE,1,5,220,1,5579
R1077,emergency,ACTIVE,1,6,220,1,5579
R1078,communications,ACTIVE,1,7,220,1,5579
R1079,power,ACTIVE,1,6,220,1,5579
R1080,waste,ACTIVE,0,5,17,21,5579
R1081,communications,ACTIVE,1,7,220,1,5579
R1082,traffic,ACTIVE,1,4,220,1,5579
R1083,communications,ACTIVE,1,5,220,1,5579
R1084,traffic,ACTIVE,1,6,220,1,5579
R1085,power,ACTIVE,1,4,220,1,5579
R1086,emergency,ACTIVE,1,7,220,1,5579
R1087,communications,ACTIVE,1,4,220,1,5579
R1088,transit,ACTIVE,1,6,220,1,5579
R1089,transit,ACTIVE,1,5,220,1,5579
R1090,power,ACTIVE,1,7,220,1,5579
R1091,waste,ACTIVE,1,6,220,1,5579
R1092,emergency,ACTIVE,1,5,220,1,5579
R1093,power,ACTIVE,1,7,220,1,5579
R1094,traffic,ACTIVE,1,7,220,1,5579
R1095,water,ACTIVE,1,6,220,1,5579
R1096,waste,ACTIVE,1,5,220,1,5579
R1097,water,ACTIVE,1,5,220,1,5579
R1098,emergency,ACTIVE,1,7,220,1,5579
R1099,traffic,ACTIVE,1,6,220,1,5579
R1100,emergency,ACTIVE,1,4,220,1,5579
R1101,communications,ACTIVE,1,7,220,1,5579
R1102,communications,ACTIVE,1,4,220,1,5579
R1103,emergency,ACTIVE,1,2,152,18,5579
R1104,emergency,ACTIVE,1,7,220,1,5579
R1105,transit,ACTIVE,1,6,220,1,5579
R1106,power,ACTIVE,1,4,220,1,5579
R1107,transit,ACTIVE,1,7,220,1,5579
R1108,power,ACTIVE,1,5,220,1,5579
R1109,waste,ACTIVE,1,5,220,1,5579
R1110,traffic,ACTIVE,1,6,220,1,5579
R1111,waste,ACTIVE,1,7,220,1,5579
R1112,transit,ACTIVE,1,6,220,1,5579
R1113,waste,ACTIVE,1,7,220,1,5579
R1114,communications,ACTIVE,1,5,220,1,5579
R1115,power,ACTIVE,1,7,220,1,5579
R1116,traffic,ACTIVE,1,4,220,1,5579
R1117,transit,ACTIVE,1,6,220,1,5579
R1118,transit,ACTIVE,1,6,220,1,5579
R1119,power,ACTIVE,1,5,220,1,5579
R1120,power,ACTIVE,1,4,220,1,5579
R1121,waste,ACTIVE,1,5,220,1,5579
R1122,water,QUEUED,1,3,166,90,5579
R1123,communications,ACTIVE,1,5,220,1,5579
R1124,transit,ACTIVE,1,6,220,1,5579
R1125,traffic,ACTIVE,1,4,220,1,5579
R1126,emergency,ACTIVE,1,6,220,1,5579
R1127,communications,ACTIVE,1,7,220,1,5579
R1128,waste,ACTIVE,1,4,220,1,5579
R1129,power,ACTIVE,1,7,220,1,5579
R1130,waste,ACTIVE,1,6,220,1,5579
R1131,power,ACTIVE,1,6,220,1,5579
R1132,transit,ACTIVE,1,6,220,1,5579
R1133,communications,ACTIVE,1,5,220,1,5579
R1134,transit,ACTIVE,1,5,220,1,5579
R1135,communications,ACTIVE,1,4,220,1,5579
R1136,power,ACTIVE,1,4,220,1,5579
R1137,waste,ACTIVE,1,6,220,1,5579
R1138,waste,ACTIVE,1,7,220,1,5579
R1139,traffic,ACTIVE,1,7,220,1,5579
R1140,power,ACTIVE,1,4,220,1,5579
R1141,emergency,ACTIVE,1,7,220,1,5579
R1142,water,ACTIVE,1,7,220,1,5579
R1143,water,ACTIVE,1,5,220,1,5579
R1144,transit,ACTIVE,1,7,220,1,5579
R1145,communications,ACTIVE,1,6,220,1,5579
R1146,emergency,ACTIVE,1,7,220,1,5579
R1147,transit,ACTIVE,1,7,220,1,5579
R1148,waste,ACTIVE,1,5,220,1,5579
R1149,emergency,ACTIVE,1,6,220,1,5579
R1150,power,ACTIVE,1,7,220,1,5579
R1151,traffic,ACTIVE,1,7,220,1,5579
R1152,power,ACTIVE,1,6,220,1,5579
R1153,traffic,ACTIVE,1,5,220,1,5579
R1154,waste,ACTIVE,1,4,220,1,5579
R1155,waste,ACTIVE,1,4,220,1,5579
R1156,transit,ACTIVE,1,4,220,1,5579
R1157,communications,ACTIVE,1,7,220,1,5579
R1158,waste,ACTIVE,1,4,220,1,5579
R1159,waste,ACTIVE,1,5,220,1,5579
R1160,transit,ACTIVE,1,4,220,1,5579
R1161,power,ACTIVE,1,7,220,1,5579
R1162,water,ACTIVE,1,7,220,1,5579
R1163,water,ACTIVE,1,7,220,1,5579
R1164,emergency,ACTIVE,1,4,220,1,5579
R1165,power,ACTIVE,1,7,220,1,5579
R1166,waste,ACTIVE,1,4,220,1,5579
R1167,emergency,ACTIVE,1,7,220,1,5579
R1168,emergency,ACTIVE,1,7,220,1,5579
R1169,transit,ACTIVE,1,6,220,1,5579
R1170,communications,ACTIVE,1,4,220,1,5579
R1171,emergency,ACTIVE,1,5,220,1,5579
R1172,waste,ACTIVE,1,5,220,1,5579
R1173,power,ACTIVE,1,5,220,1,5579
R1174,water,ACTIVE,1,5,220,1,5579
R1175,communications,ACTIVE,1,5,220,1,5579
R1176,waste,ACTIVE,1,6,220,1,5579
R1177,traffic,ACTIVE,1,5,220,1,5579
R1178,traffic,ACTIVE,1,5,220,1,5579
R1179,emergency,ACTIVE,1,7,220,1,5579
R1180,waste,ACTIVE,1,7,220,1,5579
R1181,communications,ACTIVE,1,5,220,1,5579
R1182,power,ACTIVE,1,7,220,1,5579
R1183,waste,ACTIVE,1,4,220,1,5579
R1184,transit,ACTIVE,1,5,220,1,5579
R1185,traffic,ACTIVE,1,5,220,1,5579
R1186,communications,ACTIVE,1,6,220,1,5579
R1187,transit,ACTIVE,1,6,220,1,5579
R1188,power,ACTIVE,1,6,220,1,5579
R1189,communications,QUEUED,0,3,124,115,5579
R1190,communications,ACTIVE,1,5,220,1,5579
R1191,emergency,ACTIVE,1,4,220,1,5579
R1192,water,ACTIVE,1,7,220,1,5579
R1193,emergency,ACTIVE,1,5,220,1,5579
R1194,waste,ACTIVE,1,4,220,1,5579
R1195,traffic,ACTIVE,1,4,220,1,5579
R1196,waste,ACTIVE,1,5,220,1,5579
R1197,transit,ACTIVE,1,5,220,1,5579
R1198,emergency,ACTIVE,1,7,220,1,5579
R1199,communications,ACTIVE,1,7,220,1,5579
R1200,transit,ACTIVE,1,6,220,1,5579
R1201,water,ACTIVE,1,5,220,1,5579
R1202,transit,ACTIVE,1,6,220,1,5579
R1203,waste,ACTIVE,1,7,220,1,5579
R1204,traffic,ACTIVE,1,5,220,1,5579
R1205,power,ACTIVE,1,5,220,1,5579
R1206,traffic,ACTIVE,1,7,220,1,5579
R1207,transit,ACTIVE,1,6,220,1,5579
R1208,power,ACTIVE,1,7,220,1,5579
R1209,emergency,ACTIVE,1,5,220,1,5579
R1210,waste,ACTIVE,1,4,220,1,5579
R1211,emergency,QUEUED,1,7,96,36,5579
R1212,traffic,ACTIVE,1,5,220,1,5579
R1213,traffic,ACTIVE,1,5,220,1,5579
R1214,water,ACTIVE,1,5,220,1,5579
R1215,transit,ACTIVE,1,5,220,1,5579
R1216,communications,ACTIVE,1,7,220,1,5579
R1217,water,ACTIVE,1,7,220,1,5579
R1218,power,ACTIVE,1,1,53,94,5579
R1219,power,ACTIVE,1,5,220,1,5579
R1220,power,ACTIVE,1,4,220,1,5579
R1221,transit,ACTIVE,1,7,220,1,5579
R1222,transit,ACTIVE,1,7,220,1,5579
R1223,emergency,ACTIVE,1,4,220,1,5579
R1224,transit,COMPLETE,1,3,66,46,5579
R1225,traffic,INACTIVE,1,5,64,41,5579
R1226,transit,ACTIVE,1,6,220,1,5579
R1227,water,ACTIVE,1,6,220,1,5579
R1228,power,ACTIVE,1,6,220,1,5579
R1229,waste,ACTIVE,1,6,220,1,5579
R1230,emergency,ACTIVE,1,7,220,1,5579
R1231,power,ACTIVE,1,7,220,1,5579
R1232,emergency,ACTIVE,1,5,220,1,5579
R1233,traffic,ACTIVE,1,6,220,1,5579
R1234,power,ACTIVE,1,4,220,1,5579
R1235,water,ACTIVE,1,7,220,1,5579
R1236,traffic,ACTIVE,1,4,220,1,5579
R1237,emergency,ACTIVE,1,7,220,1,5579
R1238,waste,ACTIVE,1,6,220,1,5579
R1239,communications,ACTIVE,1,4,220,1,5579
R1240,traffic,ACTIVE,1,5,220,1,5579
R1241,waste,ACTIVE,1,6,220,1,5579
R1242,transit,ACTIVE,1,7,220,1,5579
R1243,water,ACTIVE,1,7,220,1,5579
R1244,power,ACTIVE,1,4,220,1,5579
R1245,communications,ACTIVE,1,5,220,1,5579
R1246,power,ACTIVE,1,6,220,1,5579
R1247,emergency,ACTIVE,1,4,220,1,5579
R1248,communications,ACTIVE,1,5,220,1,5579
R1249,traffic,ACTIVE,1,6,220,1,5579
R1250,emergency,ACTIVE,1,7,220,1,5579
R1251,power,ACTIVE,1,6,220,1,5579
R1252,emergency,ACTIVE,1,5,220,1,5579
R1253,communications,COMPLETE,1,7,39,27,5579
R1254,water,ACTIVE,1,5,220,1,5579
R1255,power,ACTIVE,1,7,220,1,5579
R1256,water,ACTIVE,1,5,220,1,5579
R1257,power,ACTIVE,1,4,220,1,5579
R1258,power,ACTIVE,1,5,220,1,5579
R1259,communications,ACTIVE,1,5,220,1,5579
R1260,traffic,ACTIVE,1,4,220,1,5579
R1261,traffic,ACTIVE,1,5,116,32,5579
R1262,emergency,DEFERRED,1,2,27,9,5579
R1263,communications,ACTIVE,1,7,220,1,5579
R1264,communications,ACTIVE,1,7,220,1,5579
R1265,waste,ACTIVE,1,7,220,1,5579
R1266,transit,ACTIVE,1,6,220,1,5579
R1267,water,ACTIVE,1,5,220,1,5579
R1268,water,ACTIVE,1,5,220,1,5579
R1269,waste,ACTIVE,1,6,220,1,5579
R1270,emergency,ACTIVE,1,7,220,1,5579
R1271,water,ACTIVE,1,4,220,1,5579
R1272,water,ACTIVE,1,7,220,1,5579
R1273,transit,ACTIVE,1,5,220,1,5579
R1274,emergency,ACTIVE,1,5,220,1,5579
R1275,waste,ACTIVE,1,3,12,73,5579
R1276,waste,ACTIVE,1,7,220,1,5579
R1277,transit,ACTIVE,1,7,220,1,5579
R1278,waste,ACTIVE,1,4,220,1,5579
R1279,emergency,ACTIVE,1,4,220,1,5579
R1280,power,ACTIVE,1,5,220,1,5579
R1281,water,ACTIVE,1,4,220,1,5579
R1282,power,ACTIVE,1,5,135,93,5579
R1283,traffic,ACTIVE,1,7,220,1,5579
R1284,traffic,ACTIVE,1,7,220,1,5579
R1285,communications,ACTIVE,1,7,220,1,5579
R1286,power,ACTIVE,1,6,220,1,5579
R1287,communications,ACTIVE,1,6,220,1,5579
R1288,waste,ACTIVE,1,6,220,1,5579
R1289,power,ACTIVE,1,5,220,1,5579
R1290,emergency,ACTIVE,1,7,220,1,5579
R1291,waste,ACTIVE,1,6,220,1,5579
R1292,traffic,ACTIVE,1,4,220,1,5579
R1293,power,ACTIVE,1,4,220,1,5579
R1294,communications,ACTIVE,1,5,220,1,5579
R1295,communications,ACTIVE,1,5,220,1,5579
R1296,power,ACTIVE,1,5,220,1,5579
R1297,emergency,ACTIVE,1,4,220,1,5579
R1298,waste,ACTIVE,1,4,220,1,5579
R1299,communications,ACTIVE,1,5,220,1,5579
R1300,water,ACTIVE,1,6,220,1,5579
R1301,communications,ACTIVE,1,7,220,1,5579
R1302,power,ACTIVE,1,7,220,1,5579
R1303,water,ACTIVE,1,4,220,1,5579
R1304,waste,ACTIVE,1,7,220,1,5579
R1305,transit,ACTIVE,1,5,220,1,5579
R1306,transit,ACTIVE,1,7,220,1,5579
R1307,emergency,ACTIVE,1,4,220,1,5579
R1308,water,ACTIVE,1,7,220,1,5579
R1309,water,ACTIVE,1,4,220,1,5579
R1310,emergency,ACTIVE,1,7,220,1,5579
R1311,traffic,ACTIVE,1,6,220,1,5579
R1312,traffic,ACTIVE,1,6,220,1,5579
R1313,traffic,ACTIVE,1,4,220,1,5579
R1314,water,ACTIVE,1,7,220,1,5579
R1315,traffic,ACTIVE,1,7,220,1,5579
R1316,traffic,ACTIVE,1,7,220,1,5579
R1317,traffic,ACTIVE,1,6,220,1,5579
R1318,water,ACTIVE,1,6,220,1,5579
R1319,emergency,ACTIVE,1,5,220,1,5579
R1320,power,ACTIVE,1,6,220,1,5579
R1321,traffic,ACTIVE,1,4,220,1,5579
R1322,power,ACTIVE,1,7,220,1,5579
R1323,water,ACTIVE,1,5,220,1,5579
R1324,communications,ACTIVE,1,7,220,1,5579
R1325,water,ACTIVE,1,6,220,1,5579
R1326,power,ACTIVE,1,6,220,1,5579
R1327,emergency,ACTIVE,1,6,220,1,5579
R1328,water,ACTIVE,1,7,220,1,5579
R1329,traffic,ACTIVE,0,6,144,17,5579
R1330,power,ACTIVE,1,5,220,1,5579
R1331,transit,ACTIVE,1,5,220,1,5579
R1332,emergency,ACTIVE,1,5,220,1,5579
R1333,traffic,ACTIVE,1,4,220,1,5579
R1334,traffic,ACTIVE,1,5,220,1,5579
R1335,communications,ACTIVE,1,4,220,1,5579
R1336,traffic,ACTIVE,1,6,220,1,5579
R1337,water,ACTIVE,1,7,220,1,5579
R1338,water,ACTIVE,1,6,220,1,5579
R1339,waste,ACTIVE,1,4,220,1,5579
R1340,waste,ACTIVE,1,7,220,1,5579
R1341,water,ACTIVE,1,7,220,1,5579
R1342,emergency,ACTIVE,1,7,220,1,5579
R1343,traffic,ACTIVE,1,4,220,1,5579
R1344,emergency,ACTIVE,1,7,220,1,5579
R1345,emergency,ACTIVE,1,4,220,1,5579
R1346,emergency,ACTIVE,1,5,220,1,5579
R1347,transit,ACTIVE,1,5,220,1,5579
R1348,transit,ACTIVE,1,7,220,1,5579
R1349,communications,ACTIVE,1,6,220,1,5579
R1350,waste,ACTIVE,1,5,220,1,5579
R1351,traffic,ACTIVE,1,4,220,1,5579
R1352,communications,ACTIVE,1,6,220,1,5579
R1353,transit,ACTIVE,1,7,220,1,5579
R1354,traffic,ACTIVE,1,6,220,1,5579
R1355,waste,ACTIVE,1,5,220,1,5579
R1356,power,ACTIVE,1,6,220,1,5579
R1357,transit,ACTIVE,1,4,220,1,5579
R1358,communications,ACTIVE,1,6,220,1,5579
R1359,power,ACTIVE,1,7,220,1,5579
R1360,power,ACTIVE,1,7,220,1,5579
R1361,emergency,ACTIVE,1,6,220,1,5579
R1362,emergency,ACTIVE,1,5,220,1,5579
R1363,traffic,ACTIVE,1,7,220,1,5579
R1364,water,ACTIVE,0,6,124,44,5579
R1365,transit,ACTIVE,1,4,220,1,5579
R1366,emergency,ACTIVE,1,4,220,1,5579
R1367,communications,ACTIVE,1,5,220,1,5579
R1368,communications,QUEUED,0,1,116,108,5579
R1369,traffic,ACTIVE,1,6,220,1,5579
R1370,communications,ACTIVE,1,6,220,1,5579
R1371,waste,ACTIVE,1,6,220,1,5579
R1372,traffic,ACTIVE,1,4,220,1,5579
R1373,traffic,ACTIVE,1,5,220,1,5579
R1374,emergency,ACTIVE,1,6,220,1,5579
R1375,power,ACTIVE,1,5,220,1,5579
R1376,waste,ACTIVE,1,4,220,1,5579
R1377,communications,ACTIVE,1,5,220,1,5579
R1378,communications,ACTIVE,1,6,220,1,5579
R1379,traffic,ACTIVE,1,6,220,1,5579
R1380,transit,ACTIVE,1,7,220,1,5579
R1381,power,ACTIVE,1,6,220,1,5579
R1382,water,ACTIVE,1,7,220,1,5579
R1383,transit,ACTIVE,1,4,220,1,5579
R1384,emergency,ACTIVE,1,7,220,1,5579
R1385,waste,ACTIVE,1,5,220,1,5579
R1386,transit,ACTIVE,1,4,7,115,5579
R1387,communications,ACTIVE,1,5,220,1,5579
R1388,water,ACTIVE,1,4,220,1,5579
R1389,waste,ACTIVE,1,6,220,1,5579
R1390,waste,ACTIVE,1,4,220,1,5579
R1391,traffic,ACTIVE,1,5,220,1,5579
R1392,emergency,ACTIVE,1,7,220,1,5579
R1393,emergency,ACTIVE,1,6,220,1,5579
R1394,emergency,ACTIVE,1,7,220,1,5579
R1395,water,INACTIVE,1,7,129,58,5579
R1396,communications,ACTIVE,1,6,220,1,5579
R1397,transit,ACTIVE,1,7,220,1,5579
R1398,traffic,ACTIVE,1,4,220,1,5579
R1399,traffic,ACTIVE,1,5,220,1,5579
R1400,power,ACTIVE,1,4,220,1,5579
R1401,waste,ACTIVE,1,6,220,1,5579
R1402,waste,ACTIVE,1,4,220,1,5579
R1403,water,ACTIVE,1,4,220,1,5579
R1404,power,ACTIVE,0,7,58,35,5579
R1405,water,ACTIVE,1,6,220,1,5579
R1406,waste,ACTIVE,1,4,220,1,5579
R1407,emergency,ACTIVE,1,5,220,1,5579
R1408,traffic,ACTIVE,0,4,94,20,5579
R1409,emergency,ACTIVE,1,7,220,1,5579
R1410,waste,ACTIVE,1,5,220,1,5579
R1411,waste,ACTIVE,1,7,220,1,5579
R1412,emergency,ACTIVE,1,4,220,1,5579
R1413,emergency,ACTIVE,1,6,220,1,5579
R1414,transit,ACTIVE,1,4,220,1,5579
R1415,transit,ACTIVE,1,7,220,1,5579
R1416,transit,ACTIVE,1,4,220,1,5579
R1417,waste,ACTIVE,1,6,220,1,5579
R1418,transit,ACTIVE,1,4,220,1,5579
R1419,emergency,ACTIVE,1,4,220,1,5579
R1420,traffic,ACTIVE,1,6,220,1,5579
R1421,water,ACTIVE,1,4,220,1,5579
R1422,emergency,ACTIVE,1,5,220,1,5579
R1423,waste,ACTIVE,1,7,220,1,5579
R1424,communications,ACTIVE,1,6,220,1,5579
R1425,traffic,ACTIVE,1,5,220,1,5579
R1426,communications,ACTIVE,1,5,220,1,5579
R1427,power,ACTIVE,1,5,220,1,5579
R1428,communications,ACTIVE,1,6,220,1,5579
R1429,water,ACTIVE,1,7,220,1,5579
R1430,transit,ACTIVE,1,7,220,1,5579
R1431,traffic,ACTIVE,1,7,220,1,5579
R1432,traffic,ACTIVE,1,7,220,1,5579
R1433,traffic,ACTIVE,1,7,220,1,5579
R1434,waste,ACTIVE,1,5,220,1,5579
R1435,emergency,ACTIVE,1,7,220,1,5579
R1436,emergency,ACTIVE,1,5,220,1,5579
R1437,water,ACTIVE,1,5,220,1,5579
R1438,transit,ACTIVE,1,5,220,1,5579
R1439,water,ACTIVE,1,4,220,1,5579
R1440,transit,ACTIVE,1,6,220,1,5579
R1441,emergency,ACTIVE,1,5,220,1,5579
R1442,communications,ACTIVE,1,6,220,1,5579
R1443,waste,ACTIVE,1,6,220,1,5579
R1444,traffic,ACTIVE,1,7,220,1,5579
R1445,traffic,ACTIVE,1,5,220,1,5579
R1446,water,ACTIVE,1,6,220,1,5579
R1447,transit,ACTIVE,1,4,220,1,5579
R1448,waste,ACTIVE,1,6,220,1,5579
R1449,traffic,ACTIVE,1,7,220,1,5579
R1450,transit,ACTIVE,1,7,220,1,5579
R1451,traffic,ACTIVE,1,4,220,1,5579
R1452,traffic,ACTIVE,1,5,220,1,5579
R1453,waste,ACTIVE,1,5,220,1,5579
R1454,emergency,ACTIVE,1,6,220,1,5579
R1455,traffic,ACTIVE,1,3,45,53,5579
R1456,communications,ACTIVE,1,6,220,1,5579
R1457,emergency,ACTIVE,1,6,220,1,5579
R1458,emergency,ACTIVE,1,4,220,1,5579
R1459,communications,ACTIVE,1,4,220,1,5579
R1460,waste,ACTIVE,1,3,73,121,5579
R1461,transit,ACTIVE,1,5,220,1,5579
R1462,emergency,ACTIVE,1,5,220,1,5579
R1463,water,ACTIVE,1,5,220,1,5579
R1464,emergency,ACTIVE,1,7,220,1,5579
R1465,emergency,ACTIVE,1,5,220,1,5579
R1466,emergency,ACTIVE,1,4,220,1,5579
R1467,communications,ACTIVE,1,5,220,1,5579
R1468,water,ACTIVE,1,7,220,1,5579
R1469,communications,ACTIVE,1,7,220,1,5579
R1470,communications,ACTIVE,1,6,220,1,5579
R1471,transit,ACTIVE,1,5,220,1,5579
R1472,power,ACTIVE,1,5,220,1,5579
R1473,water,ACTIVE,1,4,220,1,5579
R1474,power,ACTIVE,1,6,220,1,5579
R1475,water,ACTIVE,1,6,220,1,5579
R1476,emergency,ACTIVE,1,7,220,1,5579
R1477,transit,ACTIVE,1,4,220,1,5579
R1478,water,ACTIVE,1,7,220,1,5579
R1479,waste,ACTIVE,1,5,220,1,5579
R1480,water,ACTIVE,1,7,220,1,5579
R1481,traffic,ACTIVE,1,5,220,1,5579
R1482,transit,ACTIVE,1,4,220,1,5579
R1483,communications,ACTIVE,1,5,220,1,5579
R1484,power,ACTIVE,1,4,104,14,5579
R1485,emergency,ACTIVE,1,6,220,1,5579
R1486,power,ACTIVE,1,6,220,1,5579
R1487,water,ACTIVE,1,4,220,1,5579
R1488,traffic,ACTIVE,1,5,220,1,5579
R1489,emergency,ACTIVE,1,5,220,1,5579
R1490,traffic,ACTIVE,1,6,220,1,5579
R1491,traffic,ACTIVE,1,5,220,1,5579
R1492,water,ACTIVE,1,4,61,20,5579
R1493,transit,ACTIVE,1,4,220,1,5579
R1494,communications,ACTIVE,1,7,220,1,5579
R1495,power,ACTIVE,1,5,220,1,5579
R1496,emergency,ACTIVE,1,7,220,1,5579
R1497,water,ACTIVE,1,5,220,1,5579
R1498,power,ACTIVE,1,6,220,1,5579
R1499,waste,ACTIVE,1,6,220,1,5579
R1500,transit,ACTIVE,1,5,220,1,5579
R1501,emergency,ACTIVE,1,7,220,1,5579
R1502,water,ACTIVE,1,5,220,1,5579
R1503,waste,ACTIVE,1,6,220,1,5579
R1504,communications,ACTIVE,1,4,220,1,5579
R1505,waste,ACTIVE,1,4,220,1,5579
R1506,communications,ACTIVE,1,7,220,1,5579
R1507,emergency,ACTIVE,1,6,220,1,5579
R1508,communications,ACTIVE,1,6,220,1,5579
R1509,water,ACTIVE,1,4,220,1,5579
R1510,communications,ACTIVE,1,7,220,1,5579
R1511,power,ACTIVE,1,5,220,1,5579
R1512,emergency,ACTIVE,1,4,220,1,5579
R1513,transit,ACTIVE,1,5,220,1,5579
R1514,water,ACTIVE,1,5,220,1,5579
R1515,waste,ACTIVE,1,6,220,1,5579
R1516,water,ACTIVE,1,5,220,1,5579
R1517,communications,ACTIVE,1,7,220,1,5579
R1518,power,ACTIVE,1,5,220,1,5579
R1519,traffic,ACTIVE,1,5,220,1,5579
R1520,emergency,ACTIVE,1,5,220,1,5579
R1521,waste,ACTIVE,1,4,220,1,5579
R1522,emergency,ACTIVE,1,4,220,1,5579
R1523,transit,ACTIVE,1,7,220,1,5579
R1524,transit,ACTIVE,1,7,220,1,5579
R1525,water,ACTIVE,1,7,220,1,5579
R1526,water,ACTIVE,1,5,220,1,5579
R1527,transit,ACTIVE,1,5,220,1,5579
R1528,waste,ACTIVE,1,4,220,1,5579
R1529,water,ACTIVE,1,6,220,1,5579
R1530,water,ACTIVE,1,5,220,1,5579
R1531,emergency,ACTIVE,1,6,220,1,5579
R1532,waste,ACTIVE,1,5,220,1,5579
R1533,waste,ACTIVE,1,6,220,1,5579
R1534,traffic,ACTIVE,1,7,220,1,5579
R1535,traffic,ACTIVE,1,7,220,1,5579
R1536,emergency,ACTIVE,1,7,220,1,5579
R1537,emergency,ACTIVE,1,6,220,1,5579
R1538,transit,ACTIVE,0,4,171,26,5579
R1539,transit,ACTIVE,1,6,220,1,5579
R1540,power,ACTIVE,1,5,220,1,5579
R1541,transit,ACTIVE,1,4,220,1,5579
R1542,water,ACTIVE,1,4,220,1,5579
R1543,water,ACTIVE,1,4,220,1,5579
R1544,water,ACTIVE,1,7,220,1,5579
R1545,traffic,ACTIVE,1,7,220,1,5579
R1546,waste,ACTIVE,1,4,220,1,5579
R1547,communications,ACTIVE,1,4,220,1,5579
R1548,traffic,DEFERRED,1,1,41,102,5579
R1549,transit,ACTIVE,1,7,220,1,5579
R1550,communications,ACTIVE,1,5,220,1,5579
R1551,power,ACTIVE,1,6,220,1,5579
R1552,power,ACTIVE,1,4,220,1,5579
R1553,water,ACTIVE,1,6,220,1,5579
R1554,power,ACTIVE,1,4,220,1,5579
R1555,waste,ACTIVE,1,4,220,1,5579
R1556,emergency,ACTIVE,1,5,220,1,5579
R1557,traffic,ACTIVE,1,5,220,1,5579
R1558,communications,ACTIVE,1,4,220,1,5579
R1559,transit,ACTIVE,1,4,220,1,5579
R1560,traffic,ACTIVE,1,6,220,1,5579
R1561,traffic,ACTIVE,1,6,220,1,5579
R1562,emergency,ACTIVE,1,5,220,1,5579
R1563,transit,ACTIVE,1,6,220,1,5579
R1564,water,ACTIVE,1,7,220,1,5579
R1565,water,ACTIVE,1,4,220,1,5579
R1566,waste,ACTIVE,1,6,220,1,5579
R1567,waste,ACTIVE,1,7,220,1,5579
R1568,power,INACTIVE,0,2,131,58,5579
R1569,water,ACTIVE,1,6,220,1,5579
R1570,transit,ACTIVE,1,6,220,1,5579
R1571,power,ACTIVE,1,6,220,1,5579
R1572,traffic,ACTIVE,1,6,220,1,5579
R1573,waste,ACTIVE,1,5,220,1,5579
R1574,waste,ACTIVE,1,4,220,1,5579
R1575,communications,ACTIVE,1,6,220,1,5579
R1576,communications,ACTIVE,1,5,220,1,5579
R1577,transit,ACTIVE,1,7,220,1,5579
R1578,water,ACTIVE,1,5,220,1,5579
R1579,water,ACTIVE,1,6,220,1,5579
R1580,waste,ACTIVE,1,4,220,1,5579
R1581,traffic,ACTIVE,1,6,220,1,5579
R1582,power,ACTIVE,1,7,220,1,5579
R1583,communications,ACTIVE,1,5,220,1,5579
R1584,water,ACTIVE,1,5,220,1,5579
R1585,waste,ACTIVE,1,7,220,1,5579
R1586,power,ACTIVE,1,6,220,1,5579
R1587,emergency,ACTIVE,1,6,220,1,5579
R1588,traffic,ACTIVE,1,7,220,1,5579
R1589,waste,ACTIVE,1,6,220,1,5579
R1590,waste,ACTIVE,1,7,220,1,5579
R1591,waste,ACTIVE,1,6,220,1,5579
R1592,traffic,ACTIVE,1,6,220,1,5579
R1593,traffic,ACTIVE,1,7,220,1,5579
R1594,transit,ACTIVE,1,5,220,1,5579
R1595,waste,QUEUED,0,1,152,128,5579
R1596,transit,DEFERRED,1,6,23,139,5579
R1597,power,ACTIVE,1,6,220,1,5579
R1598,transit,ACTIVE,1,5,220,1,5579
R1599,water,ACTIVE,1,6,220,1,5579
R1600,water,ACTIVE,1,5,220,1,5579
R1601,water,ACTIVE,0,7,94,22,5579
R1602,traffic,ACTIVE,1,5,220,1,5579
R1603,waste,ACTIVE,1,4,220,1,5579
R1604,transit,ACTIVE,1,4,220,1,5579
R1605,water,ACTIVE,1,6,220,1,5579
R1606,waste,ACTIVE,1,6,220,1,5579
R1607,emergency,ACTIVE,1,5,220,1,5579
R1608,power,ACTIVE,1,7,220,1,5579
R1609,traffic,ACTIVE,1,6,220,1,5579
R1610,waste,ACTIVE,1,7,220,1,5579
R1611,waste,ACTIVE,1,7,220,1,5579
R1612,transit,ACTIVE,1,4,220,1,5579
R1613,communications,ACTIVE,1,4,220,1,5579
R1614,traffic,ACTIVE,1,6,220,1,5579
R1615,water,ACTIVE,1,4,220,1,5579
R1616,waste,ACTIVE,1,6,220,1,5579
R1617,communications,ACTIVE,1,5,220,1,5579
R1618,waste,ACTIVE,1,6,220,1,5579
R1619,communications,ACTIVE,1,6,220,1,5579
R1620,communications,ACTIVE,1,4,220,1,5579
R1621,power,ACTIVE,1,4,220,1,5579
R1622,emergency,ACTIVE,1,5,220,1,5579
R1623,communications,ACTIVE,1,6,220,1,5579
R1624,emergency,ACTIVE,1,5,220,1,5579
R1625,communications,ACTIVE,1,5,56,37,5579
R1626,waste,ACTIVE,1,5,220,1,5579
R1627,waste,ACTIVE,1,6,220,1,5579
R1628,communications,ACTIVE,1,7,220,1,5579
R1629,waste,ACTIVE,1,7,220,1,5579
R1630,power,ACTIVE,1,7,220,1,5579
R1631,power,ACTIVE,1,6,220,1,5579
R1632,communications,ACTIVE,1,5,220,1,5579
R1633,traffic,ACTIVE,1,4,220,1,5579
R1634,waste,ACTIVE,1,5,220,1,5579
R1635,power,ACTIVE,1,5,220,1,5579
R1636,waste,ACTIVE,1,4,220,1,5579
R1637,water,ACTIVE,1,7,220,1,5579
R1638,waste,ACTIVE,1,5,220,1,5579
R1639,water,ACTIVE,1,6,220,1,5579
R1640,transit,ACTIVE,1,4,220,1,5579
R1641,emergency,ACTIVE,1,5,220,1,5579
R1642,waste,ACTIVE,1,5,220,1,5579
R1643,transit,ACTIVE,1,7,220,1,5579
R1644,traffic,ACTIVE,1,6,220,1,5579
R1645,communications,ACTIVE,1,5,220,1,5579
R1646,water,ACTIVE,1,5,220,1,5579
R1647,water,ACTIVE,1,5,220,1,5579
R1648,transit,ACTIVE,1,7,220,1,5579
R1649,power,ACTIVE,1,7,220,1,5579
R1650,power,ACTIVE,1,5,220,1,5579
R1651,transit,ACTIVE,1,4,220,1,5579
R1652,communications,ACTIVE,1,4,220,1,5579
R1653,water,ACTIVE,1,7,55,63,5579
R1654,transit,ACTIVE,1,6,220,1,5579
R1655,power,ACTIVE,1,4,220,1,5579
R1656,emergency,ACTIVE,1,5,220,1,5579
R1657,emergency,ACTIVE,1,5,220,1,5579
R1658,transit,ACTIVE,1,1,124,73,5579
R1659,communications,ACTIVE,1,5,220,1,5579
R1660,power,ACTIVE,1,6,220,1,5579
R1661,power,ACTIVE,1,5,220,1,5579
R1662,emergency,ACTIVE,1,7,220,1,5579
R1663,water,ACTIVE,1,5,220,1,5579
R1664,traffic,ACTIVE,1,5,220,1,5579
R1665,transit,ACTIVE,1,4,220,1,5579
R1666,communications,ACTIVE,1,6,220,1,5579
R1667,water,ACTIVE,1,5,220,1,5579
R1668,communications,ACTIVE,1,7,220,1,5579
R1669,emergency,ACTIVE,1,6,220,1,5579
R1670,power,ACTIVE,1,4,220,1,5579
R1671,waste,ACTIVE,1,6,220,1,5579
R1672,power,ACTIVE,1,7,220,1,5579
R1673,power,ACTIVE,1,7,220,1,5579
R1674,traffic,ACTIVE,1,5,220,1,5579
R1675,emergency,ACTIVE,1,6,220,1,5579
R1676,transit,ACTIVE,1,5,220,1,5579
R1677,transit,ACTIVE,1,6,220,1,5579
R1678,transit,ACTIVE,1,4,220,1,5579
R1679,transit,ACTIVE,1,7,220,1,5579
R1680,transit,ACTIVE,1,7,220,1,5579
R1681,water,ACTIVE,1,6,220,1,5579
R1682,transit,ACTIVE,1,6,220,1,5579
R1683,emergency,ACTIVE,1,7,220,1,5579
R1684,water,ACTIVE,1,7,220,1,5579
R1685,waste,ACTIVE,1,7,220,1,5579
R1686,power,ACTIVE,1,7,220,1,5579
R1687,traffic,ACTIVE,1,4,220,1,5579
R1688,traffic,ACTIVE,1,4,220,1,5579
R1689,emergency,ACTIVE,1,7,220,1,5579
R1690,transit,ACTIVE,1,6,220,1,5579
R1691,communications,ACTIVE,1,5,220,1,5579
R1692,water,ACTIVE,1,7,220,1,5579
R1693,traffic,ACTIVE,1,5,220,1,5579
R1694,transit,ACTIVE,1,4,220,1,5579
R1695,traffic,ACTIVE,1,7,220,1,5579
R1696,power,ACTIVE,1,5,220,1,5579
R1697,emergency,ACTIVE,1,5,220,1,5579
R1698,traffic,ACTIVE,1,5,220,1,5579
R1699,traffic,ACTIVE,1,5,220,1,5579
R1700,water,ACTIVE,1,4,220,1,5579
R1701,communications,ACTIVE,1,6,220,1,5579
R1702,power,ACTIVE,1,6,220,1,5579
R1703,waste,ACTIVE,1,7,220,1,5579
R1704,power,ACTIVE,1,4,220,1,5579
R1705,water,ACTIVE,1,7,220,1,5579
R1706,communications,ACTIVE,1,7,220,1,5579
R1707,waste,ACTIVE,1,4,220,1,5579
R1708,power,ACTIVE,1,4,220,1,5579
R1709,transit,ACTIVE,1,7,220,1,5579
R1710,traffic,ACTIVE,1,7,220,1,5579
R1711,power,ACTIVE,1,5,220,1,5579
R1712,traffic,ACTIVE,1,5,220,1,5579
R1713,emergency,ACTIVE,1,7,220,1,5579
R1714,power,ACTIVE,1,5,220,1,5579
R1715,transit,ACTIVE,1,5,220,1,5579
R1716,transit,ACTIVE,1,7,220,1,5579
R1717,emergency,ACTIVE,1,4,220,1,5579
R1718,communications,ACTIVE,1,5,220,1,5579
R1719,transit,ACTIVE,1,4,220,1,5579
R1720,transit,ACTIVE,1,7,220,1,5579
R1721,communications,ACTIVE,1,4,220,1,5579
R1722,emergency,ACTIVE,1,6,220,1,5579
R1723,water,ACTIVE,1,4,220,1,5579
R1724,transit,ACTIVE,1,5,220,1,5579
R1725,traffic,ACTIVE,1,7,220,1,5579
R1726,transit,ACTIVE,1,5,220,1,5579
R1727,transit,ACTIVE,1,4,220,1,5579
R1728,traffic,ACTIVE,1,5,220,1,5579
R1729,traffic,ACTIVE,1,6,220,1,5579
R1730,traffic,ACTIVE,1,6,220,1,5579
R1731,waste,ACTIVE,1,7,220,1,5579
R1732,water,ACTIVE,1,4,220,1,5579
R1733,waste,ACTIVE,1,7,220,1,5579
R1734,emergency,ACTIVE,1,4,220,1,5579
R1735,emergency,ACTIVE,1,6,220,1,5579
R1736,power,ACTIVE,1,4,220,1,5579
R1737,emergency,ACTIVE,1,4,220,1,5579
R1738,power,ACTIVE,1,4,220,1,5579
R1739,transit,ACTIVE,1,7,220,1,5579
R1740,communications,ACTIVE,1,7,220,1,5579
R1741,water,ACTIVE,1,7,220,1,5579
R1742,transit,ACTIVE,1,5,220,1,5579
R1743,communications,ACTIVE,1,7,220,1,5579
R1744,transit,ACTIVE,1,6,220,1,5579
R1745,waste,ACTIVE,1,5,220,1,5579
R1746,power,ACTIVE,1,7,220,1,5579
R1747,water,ACTIVE,1,7,220,1,5579
R1748,traffic,ACTIVE,1,7,220,1,5579
R1749,communications,ACTIVE,1,7,220,1,5579
R1750,emergency,ACTIVE,1,4,220,1,5579
R1751,waste,ACTIVE,1,7,220,1,5579
R1752,emergency,ACTIVE,1,4,220,1,5579
R1753,power,ACTIVE,1,7,220,1,5579
R1754,emergency,ACTIVE,1,6,220,1,5579
R1755,emergency,ACTIVE,1,5,220,1,5579
R1756,traffic,ACTIVE,1,4,220,1,5579
R1757,transit,ACTIVE,1,5,8,86,5579
R1758,traffic,ACTIVE,1,6,220,1,5579
R1759,water,ACTIVE,1,6,220,1,5579
R1760,power,ACTIVE,1,5,220,1,5579
R1761,communications,ACTIVE,1,6,220,1,5579
R1762,water,ACTIVE,1,6,220,1,5579
R1763,traffic,ACTIVE,1,6,220,1,5579
R1764,transit,ACTIVE,1,7,220,1,5579
R1765,traffic,ACTIVE,1,6,220,1,5579
R1766,emergency,ACTIVE,1,4,220,1,5579
R1767,communications,ACTIVE,1,5,220,1,5579
R1768,transit,ACTIVE,1,4,220,1,5579
R1769,emergency,ACTIVE,1,4,220,1,5579
R1770,traffic,ACTIVE,1,7,220,1,5579
R1771,water,ACTIVE,1,6,220,1,5579
R1772,waste,ACTIVE,1,6,220,1,5579
R1773,waste,ACTIVE,1,4,220,1,5579
R1774,waste,ACTIVE,1,5,220,1,5579
R1775,power,ACTIVE,1,7,220,1,5579
R1776,communications,ACTIVE,1,7,220,1,5579
R1777,transit,ACTIVE,1,6,220,1,5579
R1778,transit,ACTIVE,1,7,220,1,5579
R1779,communications,ACTIVE,1,6,220,1,5579
R1780,transit,ACTIVE,1,4,220,1,5579
R1781,water,COMPLETE,1,5,111,71,5579
R1782,communications,ACTIVE,1,4,220,1,5579
R1783,transit,ACTIVE,1,7,220,1,5579
R1784,communications,ACTIVE,1,6,220,1,5579
R1785,emergency,ACTIVE,1,5,220,1,5579
R1786,power,ACTIVE,1,4,220,1,5579
R1787,power,ACTIVE,1,7,220,1,5579
R1788,power,ACTIVE,1,4,220,1,5579
R1789,traffic,ACTIVE,1,6,220,1,5579
R1790,transit,ACTIVE,1,5,220,1,5579
R1791,transit,ACTIVE,1,6,220,1,5579
R1792,transit,ACTIVE,1,4,220,1,5579
R1793,transit,ACTIVE,1,7,220,1,5579
R1794,traffic,ACTIVE,1,7,220,1,5579
R1795,transit,ACTIVE,1,7,220,1,5579
R1796,traffic,ACTIVE,1,4,220,1,5579
R1797,waste,ACTIVE,1,7,220,1,5579
R1798,power,ACTIVE,1,6,220,1,5579
R1799,traffic,ACTIVE,1,6,220,1,5579
R1800,traffic,ACTIVE,1,4,220,1,5579
R1801,emergency,ACTIVE,1,7,220,1,5579
R1802,communications,ACTIVE,1,6,220,1,5579
R1803,communications,ACTIVE,1,7,220,1,5579
R1804,waste,ACTIVE,1,7,220,1,5579
R1805,power,ACTIVE,1,5,220,1,5579
R1806,waste,ACTIVE,1,6,220,1,5579
R1807,communications,ACTIVE,1,4,220,1,5579
R1808,emergency,ACTIVE,1,6,220,1,5579
R1809,power,ACTIVE,1,4,220,1,5579
R1810,water,ACTIVE,1,4,220,1,5579
R1811,power,ACTIVE,1,4,220,1,5579
R1812,waste,ACTIVE,1,5,220,1,5579
R1813,transit,COMPLETE,1,4,151,12,5579
R1814,communications,ACTIVE,1,6,220,1,5579
R1815,transit,ACTIVE,1,5,220,1,5579
R1816,transit,ACTIVE,1,6,220,1,5579
R1817,traffic,ACTIVE,1,5,220,1,5579
R1818,transit,ACTIVE,1,7,220,1,5579
R1819,waste,ACTIVE,1,4,220,1,5579
R1820,emergency,ACTIVE,1,7,220,1,5579
R1821,power,ACTIVE,1,5,220,1,5579
R1822,water,ACTIVE,1,5,220,1,5579
R1823,power,ACTIVE,1,5,220,1,5579
R1824,traffic,ACTIVE,1,5,220,1,5579
R1825,waste,ACTIVE,1,6,220,1,5579
R1826,transit,ACTIVE,1,7,220,1,5579
R1827,communications,ACTIVE,1,6,220,1,5579
R1828,traffic,ACTIVE,1,5,220,1,5579
R1829,waste,ACTIVE,1,6,220,1,5579
R1830,traffic,ACTIVE,1,4,220,1,5579
R1831,communications,ACTIVE,1,5,220,1,5579
R1832,traffic,ACTIVE,1,4,220,1,5579
R1833,traffic,ACTIVE,1,4,220,1,5579
R1834,power,ACTIVE,1,4,220,1,5579
R1835,traffic,ACTIVE,1,6,220,1,5579
R1836,communications,ACTIVE,1,7,220,1,5579
R1837,water,ACTIVE,1,7,220,1,5579
R1838,traffic,ACTIVE,1,6,220,1,5579
R1839,power,ACTIVE,1,6,220,1,5579
R1840,traffic,ACTIVE,1,4,220,1,5579
R1841,water,ACTIVE,1,6,220,1,5579
R1842,power,ACTIVE,1,5,74,124,5579
R1843,communications,ACTIVE,1,6,220,1,5579
R1844,traffic,ACTIVE,1,4,220,1,5579
R1845,transit,ACTIVE,1,5,220,1,5579
R1846,power,ACTIVE,1,4,220,1,5579
R1847,emergency,ACTIVE,1,5,220,1,5579
R1848,communications,ACTIVE,1,7,220,1,5579
R1849,water,ACTIVE,0,5,47,80,5579
R1850,power,ACTIVE,1,4,220,1,5579
R1851,waste,ACTIVE,1,5,220,1,5579
R1852,transit,ACTIVE,1,6,220,1,5579
R1853,waste,ACTIVE,1,7,220,1,5579
R1854,power,ACTIVE,1,7,220,1,5579
R1855,waste,ACTIVE,1,7,220,1,5579
R1856,emergency,ACTIVE,1,5,220,1,5579
R1857,transit,ACTIVE,1,7,220,1,5579
R1858,emergency,ACTIVE,1,5,220,1,5579
R1859,transit,ACTIVE,1,6,220,1,5579
R1860,water,ACTIVE,1,5,220,1,5579
R1861,emergency,ACTIVE,1,7,220,1,5579
R1862,emergency,ACTIVE,1,4,220,1,5579
R1863,emergency,ACTIVE,1,4,220,1,5579
R1864,communications,ACTIVE,1,6,220,1,5579
R1865,traffic,ACTIVE,1,6,220,1,5579
R1866,emergency,ACTIVE,1,4,220,1,5579
R1867,emergency,ACTIVE,1,5,220,1,5579
R1868,traffic,ACTIVE,1,7,220,1,5579
R1869,emergency,ACTIVE,1,7,220,1,5579
R1870,emergency,ACTIVE,1,5,220,1,5579
R1871,transit,ACTIVE,1,5,220,1,5579
R1872,communications,QUEUED,0,1,78,19,5579
R1873,transit,ACTIVE,1,7,220,1,5579
R1874,emergency,ACTIVE,1,6,220,1,5579
R1875,water,ACTIVE,1,7,220,1,5579
R1876,traffic,ACTIVE,1,5,220,1,5579
R1877,communications,ACTIVE,1,4,220,1,5579
R1878,water,ACTIVE,1,6,220,1,5579
R1879,transit,ACTIVE,1,7,220,1,5579
R1880,communications,ACTIVE,1,6,220,1,5579
R1881,transit,ACTIVE,1,4,220,1,5579
R1882,waste,ACTIVE,1,6,220,1,5579
R1883,waste,ACTIVE,1,5,220,1,5579
R1884,communications,ACTIVE,1,6,220,1,5579
R1885,emergency,ACTIVE,1,6,220,1,5579
R1886,transit,ACTIVE,1,7,220,1,5579
R1887,traffic,ACTIVE,1,4,86,105,5579
R1888,power,ACTIVE,1,4,220,1,5579
R1889,emergency,ACTIVE,1,6,220,1,5579
R1890,communications,ACTIVE,1,6,220,1,5579
R1891,water,ACTIVE,1,4,220,1,5579
R1892,emergency,ACTIVE,1,5,220,1,5579
R1893,waste,ACTIVE,1,6,220,1,5579
R1894,water,ACTIVE,1,6,220,1,5579
R1895,communications,ACTIVE,1,4,220,1,5579
R1896,transit,ACTIVE,1,5,220,1,5579
R1897,waste,ACTIVE,1,4,220,1,5579
R1898,emergency,ACTIVE,1,7,220,1,5579
R1899,water,ACTIVE,1,6,220,1,5579
R1900,power,ACTIVE,1,6,220,1,5579
R1901,emergency,ACTIVE,1,5,220,1,5579
R1902,transit,ACTIVE,1,5,220,1,5579
R1903,traffic,ACTIVE,1,6,220,1,5579
R1904,traffic,ACTIVE,1,5,220,1,5579
R1905,traffic,ACTIVE,1,4,220,1,5579
R1906,communications,ACTIVE,1,7,220,1,5579
R1907,emergency,ACTIVE,1,4,220,1,5579
R1908,water,ACTIVE,1,4,220,1,5579
R1909,water,ACTIVE,1,4,220,1,5579
R1910,power,ACTIVE,1,7,220,1,5579
R1911,traffic,ACTIVE,1,7,220,1,5579
R1912,waste,ACTIVE,1,4,220,1,5579
R1913,transit,ACTIVE,0,7,26,122,5579
R1914,communications,ACTIVE,1,5,220,1,5579
R1915,transit,ACTIVE,1,5,220,1,5579
R1916,power,ACTIVE,1,7,220,1,5579
R1917,traffic,ACTIVE,1,6,220,1,5579
R1918,waste,ACTIVE,1,4,220,1,5579
R1919,water,ACTIVE,1,5,220,1,5579
R1920,water,ACTIVE,1,5,220,1,5579
R1921,power,ACTIVE,1,6,220,1,5579
R1922,water,ACTIVE,1,4,220,1,5579
R1923,water,ACTIVE,1,6,220,1,5579
R1924,emergency,ACTIVE,1,7,220,1,5579
R1925,water,ACTIVE,1,4,220,1,5579
R1926,transit,ACTIVE,1,5,220,1,5579
R1927,communications,ACTIVE,1,5,220,1,5579
R1928,emergency,ACTIVE,1,5,220,1,5579
R1929,emergency,ACTIVE,1,6,220,1,5579
R1930,waste,ACTIVE,1,4,220,1,5579
R1931,traffic,ACTIVE,1,6,220,1,5579
R1932,waste,ACTIVE,1,4,220,1,5579
R1933,power,ACTIVE,1,5,220,1,5579
R1934,power,ACTIVE,1,4,220,1,5579
R1935,power,ACTIVE,1,6,220,1,5579
R1936,emergency,ACTIVE,1,7,220,1,5579
R1937,communications,INACTIVE,0,2,131,5,5579
R1938,power,ACTIVE,1,5,220,1,5579
R1939,power,ACTIVE,1,4,220,1,5579
